coin,timestamp,avg_sentiment
ADA,2025-07-11 12:00:00,0.0
ADA,2025-07-11 13:00:00,
ADA,2025-07-11 14:00:00,
ADA,2025-07-11 15:00:00,
ADA,2025-07-11 16:00:00,
ADA,2025-07-11 17:00:00,
ADA,2025-07-11 18:00:00,
ADA,2025-07-11 19:00:00,
ADA,2025-07-11 20:00:00,
ADA,2025-07-11 21:00:00,
ADA,2025-07-11 22:00:00,
ADA,2025-07-11 23:00:00,
ADA,2025-07-12 00:00:00,
ADA,2025-07-12 01:00:00,
ADA,2025-07-12 02:00:00,
ADA,2025-07-12 03:00:00,
ADA,2025-07-12 04:00:00,0.0
ADA,2025-07-12 05:00:00,
ADA,2025-07-12 06:00:00,
ADA,2025-07-12 07:00:00,
ADA,2025-07-12 08:00:00,
ADA,2025-07-12 09:00:00,
ADA,2025-07-12 10:00:00,
ADA,2025-07-12 11:00:00,
ADA,2025-07-12 12:00:00,
ADA,2025-07-12 13:00:00,
ADA,2025-07-12 14:00:00,
ADA,2025-07-12 15:00:00,
ADA,2025-07-12 16:00:00,
ADA,2025-07-12 17:00:00,
ADA,2025-07-12 18:00:00,
ADA,2025-07-12 19:00:00,
ADA,2025-07-12 20:00:00,
ADA,2025-07-12 21:00:00,
ADA,2025-07-12 22:00:00,
ADA,2025-07-12 23:00:00,
ADA,2025-07-13 00:00:00,
ADA,2025-07-13 01:00:00,
ADA,2025-07-13 02:00:00,
ADA,2025-07-13 03:00:00,
ADA,2025-07-13 04:00:00,
ADA,2025-07-13 05:00:00,
ADA,2025-07-13 06:00:00,
ADA,2025-07-13 07:00:00,
ADA,2025-07-13 08:00:00,
ADA,2025-07-13 09:00:00,
ADA,2025-07-13 10:00:00,
ADA,2025-07-13 11:00:00,
ADA,2025-07-13 12:00:00,
ADA,2025-07-13 13:00:00,
ADA,2025-07-13 14:00:00,
ADA,2025-07-13 15:00:00,
ADA,2025-07-13 16:00:00,
ADA,2025-07-13 17:00:00,
ADA,2025-07-13 18:00:00,
ADA,2025-07-13 19:00:00,
ADA,2025-07-13 20:00:00,0.0516
ADA,2025-07-13 21:00:00,
ADA,2025-07-13 22:00:00,
ADA,2025-07-13 23:00:00,
ADA,2025-07-14 00:00:00,
ADA,2025-07-14 01:00:00,
ADA,2025-07-14 02:00:00,
ADA,2025-07-14 03:00:00,
ADA,2025-07-14 04:00:00,
ADA,2025-07-14 05:00:00,
ADA,2025-07-14 06:00:00,
ADA,2025-07-14 07:00:00,
ADA,2025-07-14 08:00:00,
ADA,2025-07-14 09:00:00,
ADA,2025-07-14 10:00:00,
ADA,2025-07-14 11:00:00,
ADA,2025-07-14 12:00:00,
ADA,2025-07-14 13:00:00,
ADA,2025-07-14 14:00:00,
ADA,2025-07-14 15:00:00,
ADA,2025-07-14 16:00:00,
ADA,2025-07-14 17:00:00,
ADA,2025-07-14 18:00:00,
ADA,2025-07-14 19:00:00,
ADA,2025-07-14 20:00:00,
ADA,2025-07-14 21:00:00,
ADA,2025-07-14 22:00:00,
ADA,2025-07-14 23:00:00,
ADA,2025-07-15 00:00:00,
ADA,2025-07-15 01:00:00,
ADA,2025-07-15 02:00:00,
ADA,2025-07-15 03:00:00,
ADA,2025-07-15 04:00:00,
ADA,2025-07-15 05:00:00,
ADA,2025-07-15 06:00:00,
ADA,2025-07-15 07:00:00,
ADA,2025-07-15 08:00:00,
ADA,2025-07-15 09:00:00,
ADA,2025-07-15 10:00:00,
ADA,2025-07-15 11:00:00,
ADA,2025-07-15 12:00:00,
ADA,2025-07-15 13:00:00,
ADA,2025-07-15 14:00:00,
ADA,2025-07-15 15:00:00,
ADA,2025-07-15 16:00:00,
ADA,2025-07-15 17:00:00,
ADA,2025-07-15 18:00:00,
ADA,2025-07-15 19:00:00,
ADA,2025-07-15 20:00:00,
ADA,2025-07-15 21:00:00,
ADA,2025-07-15 22:00:00,
ADA,2025-07-15 23:00:00,
ADA,2025-07-16 00:00:00,
ADA,2025-07-16 01:00:00,
ADA,2025-07-16 02:00:00,
ADA,2025-07-16 03:00:00,
ADA,2025-07-16 04:00:00,
ADA,2025-07-16 05:00:00,
ADA,2025-07-16 06:00:00,
ADA,2025-07-16 07:00:00,
ADA,2025-07-16 08:00:00,
ADA,2025-07-16 09:00:00,
ADA,2025-07-16 10:00:00,
ADA,2025-07-16 11:00:00,
ADA,2025-07-16 12:00:00,
ADA,2025-07-16 13:00:00,
ADA,2025-07-16 14:00:00,
ADA,2025-07-16 15:00:00,
ADA,2025-07-16 16:00:00,
ADA,2025-07-16 17:00:00,
ADA,2025-07-16 18:00:00,
ADA,2025-07-16 19:00:00,
ADA,2025-07-16 20:00:00,
ADA,2025-07-16 21:00:00,
ADA,2025-07-16 22:00:00,
ADA,2025-07-16 23:00:00,
ADA,2025-07-17 00:00:00,
ADA,2025-07-17 01:00:00,
ADA,2025-07-17 02:00:00,
ADA,2025-07-17 03:00:00,
ADA,2025-07-17 04:00:00,
ADA,2025-07-17 05:00:00,
ADA,2025-07-17 06:00:00,
ADA,2025-07-17 07:00:00,
ADA,2025-07-17 08:00:00,
ADA,2025-07-17 09:00:00,
ADA,2025-07-17 10:00:00,
ADA,2025-07-17 11:00:00,
ADA,2025-07-17 12:00:00,
ADA,2025-07-17 13:00:00,
ADA,2025-07-17 14:00:00,0.8414
ADA,2025-07-17 15:00:00,-0.936
ADA,2025-07-17 16:00:00,
ADA,2025-07-17 17:00:00,
ADA,2025-07-17 18:00:00,
ADA,2025-07-17 19:00:00,
ADA,2025-07-17 20:00:00,
ADA,2025-07-17 21:00:00,
ADA,2025-07-17 22:00:00,
ADA,2025-07-17 23:00:00,
ADA,2025-07-18 00:00:00,
ADA,2025-07-18 01:00:00,
ADA,2025-07-18 02:00:00,
ADA,2025-07-18 03:00:00,
ADA,2025-07-18 04:00:00,
ADA,2025-07-18 05:00:00,
ADA,2025-07-18 06:00:00,
ADA,2025-07-18 07:00:00,
ADA,2025-07-18 08:00:00,
ADA,2025-07-18 09:00:00,
ADA,2025-07-18 10:00:00,
ADA,2025-07-18 11:00:00,
ADA,2025-07-18 12:00:00,
ADA,2025-07-18 13:00:00,
ADA,2025-07-18 14:00:00,
ADA,2025-07-18 15:00:00,
ADA,2025-07-18 16:00:00,
ADA,2025-07-18 17:00:00,
ADA,2025-07-18 18:00:00,
ADA,2025-07-18 19:00:00,
ADA,2025-07-18 20:00:00,
ADA,2025-07-18 21:00:00,
ADA,2025-07-18 22:00:00,
ADA,2025-07-18 23:00:00,
ADA,2025-07-19 00:00:00,
ADA,2025-07-19 01:00:00,
ADA,2025-07-19 02:00:00,
ADA,2025-07-19 03:00:00,
ADA,2025-07-19 04:00:00,
ADA,2025-07-19 05:00:00,
ADA,2025-07-19 06:00:00,
ADA,2025-07-19 07:00:00,
ADA,2025-07-19 08:00:00,
ADA,2025-07-19 09:00:00,
ADA,2025-07-19 10:00:00,
ADA,2025-07-19 11:00:00,
ADA,2025-07-19 12:00:00,
ADA,2025-07-19 13:00:00,
ADA,2025-07-19 14:00:00,
ADA,2025-07-19 15:00:00,
ADA,2025-07-19 16:00:00,
ADA,2025-07-19 17:00:00,
ADA,2025-07-19 18:00:00,
ADA,2025-07-19 19:00:00,
ADA,2025-07-19 20:00:00,
ADA,2025-07-19 21:00:00,
ADA,2025-07-19 22:00:00,
ADA,2025-07-19 23:00:00,
ADA,2025-07-20 00:00:00,
ADA,2025-07-20 01:00:00,
ADA,2025-07-20 02:00:00,
ADA,2025-07-20 03:00:00,
ADA,2025-07-20 04:00:00,
ADA,2025-07-20 05:00:00,
ADA,2025-07-20 06:00:00,
ADA,2025-07-20 07:00:00,
ADA,2025-07-20 08:00:00,
ADA,2025-07-20 09:00:00,
ADA,2025-07-20 10:00:00,
ADA,2025-07-20 11:00:00,
ADA,2025-07-20 12:00:00,
ADA,2025-07-20 13:00:00,
ADA,2025-07-20 14:00:00,
ADA,2025-07-20 15:00:00,
ADA,2025-07-20 16:00:00,
ADA,2025-07-20 17:00:00,
ADA,2025-07-20 18:00:00,
ADA,2025-07-20 19:00:00,
ADA,2025-07-20 20:00:00,
ADA,2025-07-20 21:00:00,
ADA,2025-07-20 22:00:00,
ADA,2025-07-20 23:00:00,
ADA,2025-07-21 00:00:00,
ADA,2025-07-21 01:00:00,
ADA,2025-07-21 02:00:00,
ADA,2025-07-21 03:00:00,
ADA,2025-07-21 04:00:00,0.1531
ADA,2025-07-21 05:00:00,
ADA,2025-07-21 06:00:00,
ADA,2025-07-21 07:00:00,
ADA,2025-07-21 08:00:00,
ADA,2025-07-21 09:00:00,
ADA,2025-07-21 10:00:00,0.9904
BNB,2025-07-10 05:00:00,0.1531
BNB,2025-07-10 06:00:00,
BNB,2025-07-10 07:00:00,
BNB,2025-07-10 08:00:00,
BNB,2025-07-10 09:00:00,
BNB,2025-07-10 10:00:00,
BNB,2025-07-10 11:00:00,
BNB,2025-07-10 12:00:00,
BNB,2025-07-10 13:00:00,
BNB,2025-07-10 14:00:00,
BNB,2025-07-10 15:00:00,
BNB,2025-07-10 16:00:00,
BNB,2025-07-10 17:00:00,
BNB,2025-07-10 18:00:00,
BNB,2025-07-10 19:00:00,
BNB,2025-07-10 20:00:00,
BNB,2025-07-10 21:00:00,
BNB,2025-07-10 22:00:00,
BNB,2025-07-10 23:00:00,
BNB,2025-07-11 00:00:00,
BNB,2025-07-11 01:00:00,
BNB,2025-07-11 02:00:00,
BNB,2025-07-11 03:00:00,
BNB,2025-07-11 04:00:00,
BNB,2025-07-11 05:00:00,
BNB,2025-07-11 06:00:00,
BNB,2025-07-11 07:00:00,
BNB,2025-07-11 08:00:00,
BNB,2025-07-11 09:00:00,
BNB,2025-07-11 10:00:00,
BNB,2025-07-11 11:00:00,
BNB,2025-07-11 12:00:00,
BNB,2025-07-11 13:00:00,
BNB,2025-07-11 14:00:00,
BNB,2025-07-11 15:00:00,
BNB,2025-07-11 16:00:00,
BNB,2025-07-11 17:00:00,
BNB,2025-07-11 18:00:00,
BNB,2025-07-11 19:00:00,
BNB,2025-07-11 20:00:00,
BNB,2025-07-11 21:00:00,
BNB,2025-07-11 22:00:00,
BNB,2025-07-11 23:00:00,
BNB,2025-07-12 00:00:00,
BNB,2025-07-12 01:00:00,
BNB,2025-07-12 02:00:00,0.0
BNB,2025-07-12 03:00:00,
BNB,2025-07-12 04:00:00,
BNB,2025-07-12 05:00:00,
BNB,2025-07-12 06:00:00,
BNB,2025-07-12 07:00:00,
BNB,2025-07-12 08:00:00,
BNB,2025-07-12 09:00:00,
BNB,2025-07-12 10:00:00,
BNB,2025-07-12 11:00:00,
BNB,2025-07-12 12:00:00,
BNB,2025-07-12 13:00:00,
BNB,2025-07-12 14:00:00,
BNB,2025-07-12 15:00:00,
BNB,2025-07-12 16:00:00,
BNB,2025-07-12 17:00:00,
BNB,2025-07-12 18:00:00,-0.3818
BNB,2025-07-12 19:00:00,-0.3818
BNB,2025-07-12 20:00:00,
BNB,2025-07-12 21:00:00,0.4215
BNB,2025-07-12 22:00:00,
BNB,2025-07-12 23:00:00,
BNB,2025-07-13 00:00:00,
BNB,2025-07-13 01:00:00,
BNB,2025-07-13 02:00:00,
BNB,2025-07-13 03:00:00,
BNB,2025-07-13 04:00:00,
BNB,2025-07-13 05:00:00,
BNB,2025-07-13 06:00:00,
BNB,2025-07-13 07:00:00,
BNB,2025-07-13 08:00:00,
BNB,2025-07-13 09:00:00,
BNB,2025-07-13 10:00:00,
BNB,2025-07-13 11:00:00,
BNB,2025-07-13 12:00:00,
BNB,2025-07-13 13:00:00,
BNB,2025-07-13 14:00:00,
BNB,2025-07-13 15:00:00,
BNB,2025-07-13 16:00:00,
BNB,2025-07-13 17:00:00,
BNB,2025-07-13 18:00:00,
BNB,2025-07-13 19:00:00,
BNB,2025-07-13 20:00:00,
BNB,2025-07-13 21:00:00,
BNB,2025-07-13 22:00:00,
BNB,2025-07-13 23:00:00,
BNB,2025-07-14 00:00:00,
BNB,2025-07-14 01:00:00,
BNB,2025-07-14 02:00:00,
BNB,2025-07-14 03:00:00,
BNB,2025-07-14 04:00:00,
BNB,2025-07-14 05:00:00,
BNB,2025-07-14 06:00:00,
BNB,2025-07-14 07:00:00,
BNB,2025-07-14 08:00:00,
BNB,2025-07-14 09:00:00,
BNB,2025-07-14 10:00:00,
BNB,2025-07-14 11:00:00,
BNB,2025-07-14 12:00:00,
BNB,2025-07-14 13:00:00,
BNB,2025-07-14 14:00:00,
BNB,2025-07-14 15:00:00,
BNB,2025-07-14 16:00:00,
BNB,2025-07-14 17:00:00,
BNB,2025-07-14 18:00:00,
BNB,2025-07-14 19:00:00,0.0
BNB,2025-07-14 20:00:00,
BNB,2025-07-14 21:00:00,
BNB,2025-07-14 22:00:00,
BNB,2025-07-14 23:00:00,
BNB,2025-07-15 00:00:00,
BNB,2025-07-15 01:00:00,
BNB,2025-07-15 02:00:00,
BNB,2025-07-15 03:00:00,
BNB,2025-07-15 04:00:00,
BNB,2025-07-15 05:00:00,
BNB,2025-07-15 06:00:00,
BNB,2025-07-15 07:00:00,
BNB,2025-07-15 08:00:00,
BNB,2025-07-15 09:00:00,
BNB,2025-07-15 10:00:00,
BNB,2025-07-15 11:00:00,
BNB,2025-07-15 12:00:00,
BNB,2025-07-15 13:00:00,
BNB,2025-07-15 14:00:00,
BNB,2025-07-15 15:00:00,
BNB,2025-07-15 16:00:00,
BNB,2025-07-15 17:00:00,
BNB,2025-07-15 18:00:00,
BNB,2025-07-15 19:00:00,
BNB,2025-07-15 20:00:00,
BNB,2025-07-15 21:00:00,
BNB,2025-07-15 22:00:00,
BNB,2025-07-15 23:00:00,
BNB,2025-07-16 00:00:00,
BNB,2025-07-16 01:00:00,
BNB,2025-07-16 02:00:00,
BNB,2025-07-16 03:00:00,
BNB,2025-07-16 04:00:00,
BNB,2025-07-16 05:00:00,
BNB,2025-07-16 06:00:00,
BNB,2025-07-16 07:00:00,
BNB,2025-07-16 08:00:00,
BNB,2025-07-16 09:00:00,
BNB,2025-07-16 10:00:00,
BNB,2025-07-16 11:00:00,
BNB,2025-07-16 12:00:00,
BNB,2025-07-16 13:00:00,
BNB,2025-07-16 14:00:00,
BNB,2025-07-16 15:00:00,
BNB,2025-07-16 16:00:00,
BNB,2025-07-16 17:00:00,
BNB,2025-07-16 18:00:00,
BNB,2025-07-16 19:00:00,
BNB,2025-07-16 20:00:00,
BNB,2025-07-16 21:00:00,
BNB,2025-07-16 22:00:00,
BNB,2025-07-16 23:00:00,
BNB,2025-07-17 00:00:00,
BNB,2025-07-17 01:00:00,
BNB,2025-07-17 02:00:00,
BNB,2025-07-17 03:00:00,
BNB,2025-07-17 04:00:00,
BNB,2025-07-17 05:00:00,
BNB,2025-07-17 06:00:00,
BNB,2025-07-17 07:00:00,
BNB,2025-07-17 08:00:00,
BNB,2025-07-17 09:00:00,
BNB,2025-07-17 10:00:00,
BNB,2025-07-17 11:00:00,
BNB,2025-07-17 12:00:00,
BNB,2025-07-17 13:00:00,
BNB,2025-07-17 14:00:00,
BNB,2025-07-17 15:00:00,
BNB,2025-07-17 16:00:00,
BNB,2025-07-17 17:00:00,
BNB,2025-07-17 18:00:00,
BNB,2025-07-17 19:00:00,
BNB,2025-07-17 20:00:00,
BNB,2025-07-17 21:00:00,
BNB,2025-07-17 22:00:00,
BNB,2025-07-17 23:00:00,
BNB,2025-07-18 00:00:00,
BNB,2025-07-18 01:00:00,
BNB,2025-07-18 02:00:00,
BNB,2025-07-18 03:00:00,
BNB,2025-07-18 04:00:00,
BNB,2025-07-18 05:00:00,
BNB,2025-07-18 06:00:00,
BNB,2025-07-18 07:00:00,
BNB,2025-07-18 08:00:00,
BNB,2025-07-18 09:00:00,
BNB,2025-07-18 10:00:00,
BNB,2025-07-18 11:00:00,
BNB,2025-07-18 12:00:00,
BNB,2025-07-18 13:00:00,
BNB,2025-07-18 14:00:00,
BNB,2025-07-18 15:00:00,
BNB,2025-07-18 16:00:00,
BNB,2025-07-18 17:00:00,
BNB,2025-07-18 18:00:00,
BNB,2025-07-18 19:00:00,
BNB,2025-07-18 20:00:00,
BNB,2025-07-18 21:00:00,
BNB,2025-07-18 22:00:00,
BNB,2025-07-18 23:00:00,
BNB,2025-07-19 00:00:00,
BNB,2025-07-19 01:00:00,
BNB,2025-07-19 02:00:00,
BNB,2025-07-19 03:00:00,
BNB,2025-07-19 04:00:00,
BNB,2025-07-19 05:00:00,
BNB,2025-07-19 06:00:00,
BNB,2025-07-19 07:00:00,
BNB,2025-07-19 08:00:00,
BNB,2025-07-19 09:00:00,
BNB,2025-07-19 10:00:00,
BNB,2025-07-19 11:00:00,
BNB,2025-07-19 12:00:00,
BNB,2025-07-19 13:00:00,0.5966
BNB,2025-07-19 14:00:00,
BNB,2025-07-19 15:00:00,
BNB,2025-07-19 16:00:00,
BNB,2025-07-19 17:00:00,
BNB,2025-07-19 18:00:00,
BNB,2025-07-19 19:00:00,
BNB,2025-07-19 20:00:00,
BNB,2025-07-19 21:00:00,
BNB,2025-07-19 22:00:00,
BNB,2025-07-19 23:00:00,
BNB,2025-07-20 00:00:00,
BNB,2025-07-20 01:00:00,
BNB,2025-07-20 02:00:00,
BNB,2025-07-20 03:00:00,
BNB,2025-07-20 04:00:00,
BNB,2025-07-20 05:00:00,
BNB,2025-07-20 06:00:00,
BNB,2025-07-20 07:00:00,
BNB,2025-07-20 08:00:00,
BNB,2025-07-20 09:00:00,
BNB,2025-07-20 10:00:00,
BNB,2025-07-20 11:00:00,
BNB,2025-07-20 12:00:00,
BNB,2025-07-20 13:00:00,
BNB,2025-07-20 14:00:00,
BNB,2025-07-20 15:00:00,
BNB,2025-07-20 16:00:00,
BNB,2025-07-20 17:00:00,
BNB,2025-07-20 18:00:00,
BNB,2025-07-20 19:00:00,
BNB,2025-07-20 20:00:00,
BNB,2025-07-20 21:00:00,0.9821
BNB,2025-07-20 22:00:00,
BNB,2025-07-20 23:00:00,
BNB,2025-07-21 00:00:00,
BNB,2025-07-21 01:00:00,0.9815
BNB,2025-07-21 02:00:00,
BNB,2025-07-21 03:00:00,
BNB,2025-07-21 04:00:00,
BNB,2025-07-21 05:00:00,
BNB,2025-07-21 06:00:00,
BNB,2025-07-21 07:00:00,
BNB,2025-07-21 08:00:00,
BNB,2025-07-21 09:00:00,
BNB,2025-07-21 10:00:00,
BNB,2025-07-21 11:00:00,
BNB,2025-07-21 12:00:00,
BNB,2025-07-21 13:00:00,
BNB,2025-07-21 14:00:00,
BNB,2025-07-21 15:00:00,
BNB,2025-07-21 16:00:00,
BNB,2025-07-21 17:00:00,
BNB,2025-07-21 18:00:00,0.0
BNB,2025-07-21 19:00:00,
BNB,2025-07-21 20:00:00,
BNB,2025-07-21 21:00:00,
BNB,2025-07-21 22:00:00,
BNB,2025-07-21 23:00:00,
BNB,2025-07-22 00:00:00,0.853
BNB,2025-07-22 01:00:00,
BNB,2025-07-22 02:00:00,
BNB,2025-07-22 03:00:00,
BNB,2025-07-22 04:00:00,0.0
BNB,2025-07-22 05:00:00,
BNB,2025-07-22 06:00:00,
BNB,2025-07-22 07:00:00,
BNB,2025-07-22 08:00:00,
BNB,2025-07-22 09:00:00,
BNB,2025-07-22 10:00:00,
BNB,2025-07-22 11:00:00,
BNB,2025-07-22 12:00:00,
BNB,2025-07-22 13:00:00,
BNB,2025-07-22 14:00:00,
BNB,2025-07-22 15:00:00,
BNB,2025-07-22 16:00:00,
BNB,2025-07-22 17:00:00,
BNB,2025-07-22 18:00:00,
BNB,2025-07-22 19:00:00,
BNB,2025-07-22 20:00:00,
BNB,2025-07-22 21:00:00,
BNB,2025-07-22 22:00:00,
BNB,2025-07-22 23:00:00,
BNB,2025-07-23 00:00:00,
BNB,2025-07-23 01:00:00,
BNB,2025-07-23 02:00:00,
BNB,2025-07-23 03:00:00,
BNB,2025-07-23 04:00:00,
BNB,2025-07-23 05:00:00,0.0
BTC,2025-07-09 14:00:00,0.0
BTC,2025-07-09 15:00:00,
BTC,2025-07-09 16:00:00,-0.8125
BTC,2025-07-09 17:00:00,
BTC,2025-07-09 18:00:00,
BTC,2025-07-09 19:00:00,
BTC,2025-07-09 20:00:00,0.18962
BTC,2025-07-09 21:00:00,
BTC,2025-07-09 22:00:00,
BTC,2025-07-09 23:00:00,
BTC,2025-07-10 00:00:00,
BTC,2025-07-10 01:00:00,
BTC,2025-07-10 02:00:00,
BTC,2025-07-10 03:00:00,0.0
BTC,2025-07-10 04:00:00,
BTC,2025-07-10 05:00:00,
BTC,2025-07-10 06:00:00,-0.128
BTC,2025-07-10 07:00:00,
BTC,2025-07-10 08:00:00,
BTC,2025-07-10 09:00:00,0.5859
BTC,2025-07-10 10:00:00,-0.4767
BTC,2025-07-10 11:00:00,
BTC,2025-07-10 12:00:00,
BTC,2025-07-10 13:00:00,-0.2732
BTC,2025-07-10 14:00:00,0.0
BTC,2025-07-10 15:00:00,
BTC,2025-07-10 16:00:00,0.4404
BTC,2025-07-10 17:00:00,
BTC,2025-07-10 18:00:00,
BTC,2025-07-10 19:00:00,
BTC,2025-07-10 20:00:00,0.3818
BTC,2025-07-10 21:00:00,0.31245
BTC,2025-07-10 22:00:00,
BTC,2025-07-10 23:00:00,
BTC,2025-07-11 00:00:00,0.4588
BTC,2025-07-11 01:00:00,0.3320666666666667
BTC,2025-07-11 02:00:00,
BTC,2025-07-11 03:00:00,
BTC,2025-07-11 04:00:00,-0.128
BTC,2025-07-11 05:00:00,-0.4423
BTC,2025-07-11 06:00:00,
BTC,2025-07-11 07:00:00,
BTC,2025-07-11 08:00:00,0.4939
BTC,2025-07-11 09:00:00,
BTC,2025-07-11 10:00:00,0.34
BTC,2025-07-11 11:00:00,
BTC,2025-07-11 12:00:00,-0.7269
BTC,2025-07-11 13:00:00,
BTC,2025-07-11 14:00:00,0.0258
BTC,2025-07-11 15:00:00,
BTC,2025-07-11 16:00:00,0.5106
BTC,2025-07-11 17:00:00,
BTC,2025-07-11 18:00:00,-0.34
BTC,2025-07-11 19:00:00,
BTC,2025-07-11 20:00:00,0.34
BTC,2025-07-11 21:00:00,0.9498
BTC,2025-07-11 22:00:00,
BTC,2025-07-11 23:00:00,-0.7219
BTC,2025-07-12 00:00:00,
BTC,2025-07-12 01:00:00,
BTC,2025-07-12 02:00:00,-0.867
BTC,2025-07-12 03:00:00,0.0
BTC,2025-07-12 04:00:00,
BTC,2025-07-12 05:00:00,
BTC,2025-07-12 06:00:00,
BTC,2025-07-12 07:00:00,0.0
BTC,2025-07-12 08:00:00,
BTC,2025-07-12 09:00:00,
BTC,2025-07-12 10:00:00,0.0
BTC,2025-07-12 11:00:00,
BTC,2025-07-12 12:00:00,0.834
BTC,2025-07-12 13:00:00,
BTC,2025-07-12 14:00:00,0.0
BTC,2025-07-12 15:00:00,0.1779
BTC,2025-07-12 16:00:00,-0.857
BTC,2025-07-12 17:00:00,0.0
BTC,2025-07-12 18:00:00,
BTC,2025-07-12 19:00:00,0.0
BTC,2025-07-12 20:00:00,-0.4926
BTC,2025-07-12 21:00:00,
BTC,2025-07-12 22:00:00,
BTC,2025-07-12 23:00:00,
BTC,2025-07-13 00:00:00,
BTC,2025-07-13 01:00:00,0.9936
BTC,2025-07-13 02:00:00,0.7673
BTC,2025-07-13 03:00:00,
BTC,2025-07-13 04:00:00,
BTC,2025-07-13 05:00:00,
BTC,2025-07-13 06:00:00,0.5537
BTC,2025-07-13 07:00:00,
BTC,2025-07-13 08:00:00,0.0
BTC,2025-07-13 09:00:00,0.49945
BTC,2025-07-13 10:00:00,0.296
BTC,2025-07-13 11:00:00,0.4606
BTC,2025-07-13 12:00:00,
BTC,2025-07-13 13:00:00,
BTC,2025-07-13 14:00:00,0.4019
BTC,2025-07-13 15:00:00,0.2023
BTC,2025-07-13 16:00:00,
BTC,2025-07-13 17:00:00,0.9658
BTC,2025-07-13 18:00:00,0.002350000000000005
BTC,2025-07-13 19:00:00,0.9887
BTC,2025-07-13 20:00:00,
BTC,2025-07-13 21:00:00,
BTC,2025-07-13 22:00:00,
BTC,2025-07-13 23:00:00,
BTC,2025-07-14 00:00:00,0.9997
BTC,2025-07-14 01:00:00,
BTC,2025-07-14 02:00:00,
BTC,2025-07-14 03:00:00,0.9476
BTC,2025-07-14 04:00:00,0.0
BTC,2025-07-14 05:00:00,
BTC,2025-07-14 06:00:00,
BTC,2025-07-14 07:00:00,
BTC,2025-07-14 08:00:00,0.5267
BTC,2025-07-14 09:00:00,
BTC,2025-07-14 10:00:00,0.0
BTC,2025-07-14 11:00:00,-0.7729
BTC,2025-07-14 12:00:00,
BTC,2025-07-14 13:00:00,0.22263333333333335
BTC,2025-07-14 14:00:00,0.9118
BTC,2025-07-14 15:00:00,
BTC,2025-07-14 16:00:00,0.0
BTC,2025-07-14 17:00:00,0.0
BTC,2025-07-14 18:00:00,0.9993
BTC,2025-07-14 19:00:00,
BTC,2025-07-14 20:00:00,0.2202
BTC,2025-07-14 21:00:00,0.34
BTC,2025-07-14 22:00:00,0.4927
BTC,2025-07-14 23:00:00,
BTC,2025-07-15 00:00:00,-0.8848
BTC,2025-07-15 01:00:00,
BTC,2025-07-15 02:00:00,
BTC,2025-07-15 03:00:00,0.296
BTC,2025-07-15 04:00:00,
BTC,2025-07-15 05:00:00,0.0
BTC,2025-07-15 06:00:00,
BTC,2025-07-15 07:00:00,
BTC,2025-07-15 08:00:00,
BTC,2025-07-15 09:00:00,
BTC,2025-07-15 10:00:00,
BTC,2025-07-15 11:00:00,
BTC,2025-07-15 12:00:00,0.9989
BTC,2025-07-15 13:00:00,
BTC,2025-07-15 14:00:00,
BTC,2025-07-15 15:00:00,
BTC,2025-07-15 16:00:00,0.3067
BTC,2025-07-15 17:00:00,-0.3162
BTC,2025-07-15 18:00:00,
BTC,2025-07-15 19:00:00,0.9917
BTC,2025-07-15 20:00:00,0.1531
BTC,2025-07-15 21:00:00,0.9536
BTC,2025-07-15 22:00:00,
BTC,2025-07-15 23:00:00,
BTC,2025-07-16 00:00:00,0.0
BTC,2025-07-16 01:00:00,
BTC,2025-07-16 02:00:00,0.6958
BTC,2025-07-16 03:00:00,
BTC,2025-07-16 04:00:00,
BTC,2025-07-16 05:00:00,-0.6705
BTC,2025-07-16 06:00:00,0.0242
BTC,2025-07-16 07:00:00,0.3702
BTC,2025-07-16 08:00:00,
BTC,2025-07-16 09:00:00,0.0
BTC,2025-07-16 10:00:00,
BTC,2025-07-16 11:00:00,0.0
BTC,2025-07-16 12:00:00,
BTC,2025-07-16 13:00:00,0.6705
BTC,2025-07-16 14:00:00,
BTC,2025-07-16 15:00:00,0.5193333333333333
BTC,2025-07-16 16:00:00,
BTC,2025-07-16 17:00:00,0.2732
BTC,2025-07-16 18:00:00,0.3560666666666667
BTC,2025-07-16 19:00:00,0.9455
BTC,2025-07-16 20:00:00,
BTC,2025-07-16 21:00:00,
BTC,2025-07-16 22:00:00,0.0
BTC,2025-07-16 23:00:00,0.38895
BTC,2025-07-17 00:00:00,0.643
BTC,2025-07-17 01:00:00,0.9606
BTC,2025-07-17 02:00:00,
BTC,2025-07-17 03:00:00,
BTC,2025-07-17 04:00:00,-0.3818
BTC,2025-07-17 05:00:00,
BTC,2025-07-17 06:00:00,0.0
BTC,2025-07-17 07:00:00,0.0
BTC,2025-07-17 08:00:00,
BTC,2025-07-17 09:00:00,0.22150000000000003
BTC,2025-07-17 10:00:00,0.0
BTC,2025-07-17 11:00:00,
BTC,2025-07-17 12:00:00,
BTC,2025-07-17 13:00:00,
BTC,2025-07-17 14:00:00,
BTC,2025-07-17 15:00:00,0.33283333333333337
BTC,2025-07-17 16:00:00,
BTC,2025-07-17 17:00:00,0.26335
BTC,2025-07-17 18:00:00,0.42685
BTC,2025-07-17 19:00:00,
BTC,2025-07-17 20:00:00,-0.48905
BTC,2025-07-17 21:00:00,
BTC,2025-07-17 22:00:00,
BTC,2025-07-17 23:00:00,
BTC,2025-07-18 00:00:00,
BTC,2025-07-18 01:00:00,0.4019
BTC,2025-07-18 02:00:00,
BTC,2025-07-18 03:00:00,
BTC,2025-07-18 04:00:00,
BTC,2025-07-18 05:00:00,
BTC,2025-07-18 06:00:00,
BTC,2025-07-18 07:00:00,
BTC,2025-07-18 08:00:00,
BTC,2025-07-18 09:00:00,0.0
BTC,2025-07-18 10:00:00,0.246
BTC,2025-07-18 11:00:00,
BTC,2025-07-18 12:00:00,0.0
BTC,2025-07-18 13:00:00,0.0
BTC,2025-07-18 14:00:00,
BTC,2025-07-18 15:00:00,0.0
BTC,2025-07-18 16:00:00,
BTC,2025-07-18 17:00:00,
BTC,2025-07-18 18:00:00,
BTC,2025-07-18 19:00:00,
BTC,2025-07-18 20:00:00,0.7906
BTC,2025-07-18 21:00:00,0.765
BTC,2025-07-18 22:00:00,0.9476
BTC,2025-07-18 23:00:00,0.9985
BTC,2025-07-19 00:00:00,
BTC,2025-07-19 01:00:00,
BTC,2025-07-19 02:00:00,0.2732
BTC,2025-07-19 03:00:00,
BTC,2025-07-19 04:00:00,-0.3818
BTC,2025-07-19 05:00:00,0.296
BTC,2025-07-19 06:00:00,
BTC,2025-07-19 07:00:00,0.2732
BTC,2025-07-19 08:00:00,
BTC,2025-07-19 09:00:00,
BTC,2025-07-19 10:00:00,
BTC,2025-07-19 11:00:00,
BTC,2025-07-19 12:00:00,
BTC,2025-07-19 13:00:00,
BTC,2025-07-19 14:00:00,0.4767
BTC,2025-07-19 15:00:00,
BTC,2025-07-19 16:00:00,
BTC,2025-07-19 17:00:00,
BTC,2025-07-19 18:00:00,
BTC,2025-07-19 19:00:00,
BTC,2025-07-19 20:00:00,0.0258
BTC,2025-07-19 21:00:00,
BTC,2025-07-19 22:00:00,
BTC,2025-07-19 23:00:00,
BTC,2025-07-20 00:00:00,
BTC,2025-07-20 01:00:00,
BTC,2025-07-20 02:00:00,-0.923
BTC,2025-07-20 03:00:00,
BTC,2025-07-20 04:00:00,
BTC,2025-07-20 05:00:00,
BTC,2025-07-20 06:00:00,
BTC,2025-07-20 07:00:00,0.25
BTC,2025-07-20 08:00:00,
BTC,2025-07-20 09:00:00,0.987
BTC,2025-07-20 10:00:00,-0.7579
BTC,2025-07-20 11:00:00,
BTC,2025-07-20 12:00:00,0.7193
BTC,2025-07-20 13:00:00,0.0
BTC,2025-07-20 14:00:00,
BTC,2025-07-20 15:00:00,0.4404
BTC,2025-07-20 16:00:00,0.7872
BTC,2025-07-20 17:00:00,0.9672000000000001
BTC,2025-07-20 18:00:00,
BTC,2025-07-20 19:00:00,0.4096
BTC,2025-07-20 20:00:00,0.0
BTC,2025-07-20 21:00:00,0.9474
BTC,2025-07-20 22:00:00,0.9426
BTC,2025-07-20 23:00:00,
BTC,2025-07-21 00:00:00,
BTC,2025-07-21 01:00:00,0.0
BTC,2025-07-21 02:00:00,
BTC,2025-07-21 03:00:00,-0.722
BTC,2025-07-21 04:00:00,
BTC,2025-07-21 05:00:00,0.4019
BTC,2025-07-21 06:00:00,-0.0772
BTC,2025-07-21 07:00:00,
BTC,2025-07-21 08:00:00,
BTC,2025-07-21 09:00:00,0.8447
BTC,2025-07-21 10:00:00,
BTC,2025-07-21 11:00:00,-0.128
BTC,2025-07-21 12:00:00,0.296
BTC,2025-07-21 13:00:00,
BTC,2025-07-21 14:00:00,0.0
BTC,2025-07-21 15:00:00,0.2145
BTC,2025-07-21 16:00:00,0.68695
BTC,2025-07-21 17:00:00,0.2263
BTC,2025-07-21 18:00:00,-0.23745
BTC,2025-07-21 19:00:00,
BTC,2025-07-21 20:00:00,
BTC,2025-07-21 21:00:00,
BTC,2025-07-21 22:00:00,0.0
BTC,2025-07-21 23:00:00,
BTC,2025-07-22 00:00:00,
BTC,2025-07-22 01:00:00,0.9982
BTC,2025-07-22 02:00:00,
BTC,2025-07-22 03:00:00,
BTC,2025-07-22 04:00:00,
BTC,2025-07-22 05:00:00,
BTC,2025-07-22 06:00:00,0.3612
BTC,2025-07-22 07:00:00,0.4945
BTC,2025-07-22 08:00:00,
BTC,2025-07-22 09:00:00,0.4569
BTC,2025-07-22 10:00:00,
BTC,2025-07-22 11:00:00,0.6124
BTC,2025-07-22 12:00:00,
BTC,2025-07-22 13:00:00,
BTC,2025-07-22 14:00:00,0.8047
BTC,2025-07-22 15:00:00,0.0
BTC,2025-07-22 16:00:00,-0.1652
BTC,2025-07-22 17:00:00,-0.6808
BTC,2025-07-22 18:00:00,0.0
BTC,2025-07-22 19:00:00,
BTC,2025-07-22 20:00:00,0.3214
BTC,2025-07-22 21:00:00,
BTC,2025-07-22 22:00:00,
BTC,2025-07-22 23:00:00,
BTC,2025-07-23 00:00:00,0.9796
BTC,2025-07-23 01:00:00,0.4019
BTC,2025-07-23 02:00:00,
BTC,2025-07-23 03:00:00,
BTC,2025-07-23 04:00:00,0.8309
BTC,2025-07-23 05:00:00,
BTC,2025-07-23 06:00:00,
BTC,2025-07-23 07:00:00,
BTC,2025-07-23 08:00:00,
BTC,2025-07-23 09:00:00,0.17020000000000002
BTC,2025-07-23 10:00:00,
BTC,2025-07-23 11:00:00,0.9996
BTC,2025-07-23 12:00:00,-0.6981
BTC,2025-07-23 13:00:00,0.8723
BTC,2025-07-23 14:00:00,
BTC,2025-07-23 15:00:00,0.0155
BTC,2025-07-23 16:00:00,0.22235
BTC,2025-07-23 17:00:00,
BTC,2025-07-23 18:00:00,0.4517
BTC,2025-07-23 19:00:00,
BTC,2025-07-23 20:00:00,-0.43095
BTC,2025-07-23 21:00:00,0.2263
BTC,2025-07-23 22:00:00,0.991
BTC,2025-07-23 23:00:00,
BTC,2025-07-24 00:00:00,
BTC,2025-07-24 01:00:00,0.0
BTC,2025-07-24 02:00:00,
BTC,2025-07-24 03:00:00,
BTC,2025-07-24 04:00:00,
BTC,2025-07-24 05:00:00,-0.3243
BTC,2025-07-24 06:00:00,
BTC,2025-07-24 07:00:00,
BTC,2025-07-24 08:00:00,-0.16749999999999998
DOGE,2025-07-13 22:00:00,0.0
DOGE,2025-07-13 23:00:00,
DOGE,2025-07-14 00:00:00,
DOGE,2025-07-14 01:00:00,
DOGE,2025-07-14 02:00:00,
DOGE,2025-07-14 03:00:00,
DOGE,2025-07-14 04:00:00,
DOGE,2025-07-14 05:00:00,
DOGE,2025-07-14 06:00:00,
DOGE,2025-07-14 07:00:00,
DOGE,2025-07-14 08:00:00,
DOGE,2025-07-14 09:00:00,
DOGE,2025-07-14 10:00:00,
DOGE,2025-07-14 11:00:00,
DOGE,2025-07-14 12:00:00,
DOGE,2025-07-14 13:00:00,
DOGE,2025-07-14 14:00:00,
DOGE,2025-07-14 15:00:00,
DOGE,2025-07-14 16:00:00,
DOGE,2025-07-14 17:00:00,0.0
DOGE,2025-07-14 18:00:00,
DOGE,2025-07-14 19:00:00,
DOGE,2025-07-14 20:00:00,
DOGE,2025-07-14 21:00:00,
DOGE,2025-07-14 22:00:00,
DOGE,2025-07-14 23:00:00,
DOGE,2025-07-15 00:00:00,
DOGE,2025-07-15 01:00:00,
DOGE,2025-07-15 02:00:00,
DOGE,2025-07-15 03:00:00,
DOGE,2025-07-15 04:00:00,
DOGE,2025-07-15 05:00:00,
DOGE,2025-07-15 06:00:00,
DOGE,2025-07-15 07:00:00,
DOGE,2025-07-15 08:00:00,
DOGE,2025-07-15 09:00:00,
DOGE,2025-07-15 10:00:00,
DOGE,2025-07-15 11:00:00,
DOGE,2025-07-15 12:00:00,
DOGE,2025-07-15 13:00:00,
DOGE,2025-07-15 14:00:00,
DOGE,2025-07-15 15:00:00,
DOGE,2025-07-15 16:00:00,
DOGE,2025-07-15 17:00:00,
DOGE,2025-07-15 18:00:00,
DOGE,2025-07-15 19:00:00,
DOGE,2025-07-15 20:00:00,
DOGE,2025-07-15 21:00:00,
DOGE,2025-07-15 22:00:00,
DOGE,2025-07-15 23:00:00,
DOGE,2025-07-16 00:00:00,
DOGE,2025-07-16 01:00:00,
DOGE,2025-07-16 02:00:00,
DOGE,2025-07-16 03:00:00,
DOGE,2025-07-16 04:00:00,
DOGE,2025-07-16 05:00:00,
DOGE,2025-07-16 06:00:00,
DOGE,2025-07-16 07:00:00,
DOGE,2025-07-16 08:00:00,
DOGE,2025-07-16 09:00:00,
DOGE,2025-07-16 10:00:00,
DOGE,2025-07-16 11:00:00,
DOGE,2025-07-16 12:00:00,
DOGE,2025-07-16 13:00:00,
DOGE,2025-07-16 14:00:00,
DOGE,2025-07-16 15:00:00,
DOGE,2025-07-16 16:00:00,
DOGE,2025-07-16 17:00:00,
DOGE,2025-07-16 18:00:00,
DOGE,2025-07-16 19:00:00,
DOGE,2025-07-16 20:00:00,
DOGE,2025-07-16 21:00:00,
DOGE,2025-07-16 22:00:00,
DOGE,2025-07-16 23:00:00,
DOGE,2025-07-17 00:00:00,
DOGE,2025-07-17 01:00:00,
DOGE,2025-07-17 02:00:00,
DOGE,2025-07-17 03:00:00,
DOGE,2025-07-17 04:00:00,
DOGE,2025-07-17 05:00:00,
DOGE,2025-07-17 06:00:00,
DOGE,2025-07-17 07:00:00,
DOGE,2025-07-17 08:00:00,
DOGE,2025-07-17 09:00:00,
DOGE,2025-07-17 10:00:00,
DOGE,2025-07-17 11:00:00,
DOGE,2025-07-17 12:00:00,
DOGE,2025-07-17 13:00:00,
DOGE,2025-07-17 14:00:00,
DOGE,2025-07-17 15:00:00,
DOGE,2025-07-17 16:00:00,
DOGE,2025-07-17 17:00:00,
DOGE,2025-07-17 18:00:00,
DOGE,2025-07-17 19:00:00,
DOGE,2025-07-17 20:00:00,
DOGE,2025-07-17 21:00:00,
DOGE,2025-07-17 22:00:00,
DOGE,2025-07-17 23:00:00,
DOGE,2025-07-18 00:00:00,
DOGE,2025-07-18 01:00:00,
DOGE,2025-07-18 02:00:00,
DOGE,2025-07-18 03:00:00,
DOGE,2025-07-18 04:00:00,
DOGE,2025-07-18 05:00:00,
DOGE,2025-07-18 06:00:00,
DOGE,2025-07-18 07:00:00,
DOGE,2025-07-18 08:00:00,
DOGE,2025-07-18 09:00:00,
DOGE,2025-07-18 10:00:00,
DOGE,2025-07-18 11:00:00,
DOGE,2025-07-18 12:00:00,
DOGE,2025-07-18 13:00:00,
DOGE,2025-07-18 14:00:00,
DOGE,2025-07-18 15:00:00,
DOGE,2025-07-18 16:00:00,
DOGE,2025-07-18 17:00:00,
DOGE,2025-07-18 18:00:00,
DOGE,2025-07-18 19:00:00,
DOGE,2025-07-18 20:00:00,
DOGE,2025-07-18 21:00:00,
DOGE,2025-07-18 22:00:00,
DOGE,2025-07-18 23:00:00,
DOGE,2025-07-19 00:00:00,
DOGE,2025-07-19 01:00:00,
DOGE,2025-07-19 02:00:00,
DOGE,2025-07-19 03:00:00,
DOGE,2025-07-19 04:00:00,
DOGE,2025-07-19 05:00:00,
DOGE,2025-07-19 06:00:00,
DOGE,2025-07-19 07:00:00,
DOGE,2025-07-19 08:00:00,
DOGE,2025-07-19 09:00:00,
DOGE,2025-07-19 10:00:00,
DOGE,2025-07-19 11:00:00,
DOGE,2025-07-19 12:00:00,
DOGE,2025-07-19 13:00:00,
DOGE,2025-07-19 14:00:00,
DOGE,2025-07-19 15:00:00,
DOGE,2025-07-19 16:00:00,
DOGE,2025-07-19 17:00:00,
DOGE,2025-07-19 18:00:00,
DOGE,2025-07-19 19:00:00,
DOGE,2025-07-19 20:00:00,
DOGE,2025-07-19 21:00:00,
DOGE,2025-07-19 22:00:00,
DOGE,2025-07-19 23:00:00,
DOGE,2025-07-20 00:00:00,
DOGE,2025-07-20 01:00:00,
DOGE,2025-07-20 02:00:00,
DOGE,2025-07-20 03:00:00,
DOGE,2025-07-20 04:00:00,
DOGE,2025-07-20 05:00:00,
DOGE,2025-07-20 06:00:00,
DOGE,2025-07-20 07:00:00,
DOGE,2025-07-20 08:00:00,
DOGE,2025-07-20 09:00:00,
DOGE,2025-07-20 10:00:00,
DOGE,2025-07-20 11:00:00,
DOGE,2025-07-20 12:00:00,
DOGE,2025-07-20 13:00:00,
DOGE,2025-07-20 14:00:00,
DOGE,2025-07-20 15:00:00,
DOGE,2025-07-20 16:00:00,
DOGE,2025-07-20 17:00:00,
DOGE,2025-07-20 18:00:00,
DOGE,2025-07-20 19:00:00,
DOGE,2025-07-20 20:00:00,
DOGE,2025-07-20 21:00:00,
DOGE,2025-07-20 22:00:00,
DOGE,2025-07-20 23:00:00,
DOGE,2025-07-21 00:00:00,
DOGE,2025-07-21 01:00:00,
DOGE,2025-07-21 02:00:00,
DOGE,2025-07-21 03:00:00,
DOGE,2025-07-21 04:00:00,
DOGE,2025-07-21 05:00:00,
DOGE,2025-07-21 06:00:00,0.0
DOGE,2025-07-21 07:00:00,
DOGE,2025-07-21 08:00:00,
DOGE,2025-07-21 09:00:00,
DOGE,2025-07-21 10:00:00,
DOGE,2025-07-21 11:00:00,
DOGE,2025-07-21 12:00:00,
DOGE,2025-07-21 13:00:00,
DOGE,2025-07-21 14:00:00,
DOGE,2025-07-21 15:00:00,
DOGE,2025-07-21 16:00:00,
DOGE,2025-07-21 17:00:00,
DOGE,2025-07-21 18:00:00,0.0
ETH,2025-07-09 21:00:00,-0.5574
ETH,2025-07-09 22:00:00,-0.4916
ETH,2025-07-09 23:00:00,
ETH,2025-07-10 00:00:00,
ETH,2025-07-10 01:00:00,
ETH,2025-07-10 02:00:00,
ETH,2025-07-10 03:00:00,
ETH,2025-07-10 04:00:00,
ETH,2025-07-10 05:00:00,
ETH,2025-07-10 06:00:00,
ETH,2025-07-10 07:00:00,0.0
ETH,2025-07-10 08:00:00,0.9929
ETH,2025-07-10 09:00:00,
ETH,2025-07-10 10:00:00,0.07655
ETH,2025-07-10 11:00:00,
ETH,2025-07-10 12:00:00,
ETH,2025-07-10 13:00:00,
ETH,2025-07-10 14:00:00,
ETH,2025-07-10 15:00:00,0.4081
ETH,2025-07-10 16:00:00,0.9969
ETH,2025-07-10 17:00:00,
ETH,2025-07-10 18:00:00,
ETH,2025-07-10 19:00:00,0.0
ETH,2025-07-10 20:00:00,0.0
ETH,2025-07-10 21:00:00,
ETH,2025-07-10 22:00:00,
ETH,2025-07-10 23:00:00,-0.9371
ETH,2025-07-11 00:00:00,0.6759
ETH,2025-07-11 01:00:00,
ETH,2025-07-11 02:00:00,
ETH,2025-07-11 03:00:00,
ETH,2025-07-11 04:00:00,
ETH,2025-07-11 05:00:00,0.8839
ETH,2025-07-11 06:00:00,
ETH,2025-07-11 07:00:00,
ETH,2025-07-11 08:00:00,
ETH,2025-07-11 09:00:00,
ETH,2025-07-11 10:00:00,
ETH,2025-07-11 11:00:00,
ETH,2025-07-11 12:00:00,0.7351
ETH,2025-07-11 13:00:00,0.6369
ETH,2025-07-11 14:00:00,
ETH,2025-07-11 15:00:00,0.9693
ETH,2025-07-11 16:00:00,0.0
ETH,2025-07-11 17:00:00,
ETH,2025-07-11 18:00:00,0.4767
ETH,2025-07-11 19:00:00,0.0
ETH,2025-07-11 20:00:00,-0.7644
ETH,2025-07-11 21:00:00,
ETH,2025-07-11 22:00:00,0.5423
ETH,2025-07-11 23:00:00,
ETH,2025-07-12 00:00:00,
ETH,2025-07-12 01:00:00,0.9366
ETH,2025-07-12 02:00:00,
ETH,2025-07-12 03:00:00,-0.3291
ETH,2025-07-12 04:00:00,
ETH,2025-07-12 05:00:00,
ETH,2025-07-12 06:00:00,
ETH,2025-07-12 07:00:00,
ETH,2025-07-12 08:00:00,
ETH,2025-07-12 09:00:00,
ETH,2025-07-12 10:00:00,
ETH,2025-07-12 11:00:00,
ETH,2025-07-12 12:00:00,
ETH,2025-07-12 13:00:00,
ETH,2025-07-12 14:00:00,
ETH,2025-07-12 15:00:00,0.9693
ETH,2025-07-12 16:00:00,0.21585
ETH,2025-07-12 17:00:00,0.9124
ETH,2025-07-12 18:00:00,0.8895
ETH,2025-07-12 19:00:00,0.9403
ETH,2025-07-12 20:00:00,
ETH,2025-07-12 21:00:00,
ETH,2025-07-12 22:00:00,
ETH,2025-07-12 23:00:00,
ETH,2025-07-13 00:00:00,
ETH,2025-07-13 01:00:00,
ETH,2025-07-13 02:00:00,
ETH,2025-07-13 03:00:00,
ETH,2025-07-13 04:00:00,
ETH,2025-07-13 05:00:00,
ETH,2025-07-13 06:00:00,
ETH,2025-07-13 07:00:00,
ETH,2025-07-13 08:00:00,
ETH,2025-07-13 09:00:00,
ETH,2025-07-13 10:00:00,
ETH,2025-07-13 11:00:00,0.9926
ETH,2025-07-13 12:00:00,0.0
ETH,2025-07-13 13:00:00,
ETH,2025-07-13 14:00:00,0.5423
ETH,2025-07-13 15:00:00,0.9798
ETH,2025-07-13 16:00:00,
ETH,2025-07-13 17:00:00,
ETH,2025-07-13 18:00:00,0.49945
ETH,2025-07-13 19:00:00,
ETH,2025-07-13 20:00:00,
ETH,2025-07-13 21:00:00,
ETH,2025-07-13 22:00:00,
ETH,2025-07-13 23:00:00,0.9964
ETH,2025-07-14 00:00:00,
ETH,2025-07-14 01:00:00,
ETH,2025-07-14 02:00:00,
ETH,2025-07-14 03:00:00,
ETH,2025-07-14 04:00:00,
ETH,2025-07-14 05:00:00,0.0516
ETH,2025-07-14 06:00:00,
ETH,2025-07-14 07:00:00,
ETH,2025-07-14 08:00:00,0.2023
ETH,2025-07-14 09:00:00,
ETH,2025-07-14 10:00:00,0.8658
ETH,2025-07-14 11:00:00,
ETH,2025-07-14 12:00:00,0.5368333333333334
ETH,2025-07-14 13:00:00,0.9841
ETH,2025-07-14 14:00:00,0.2263
ETH,2025-07-14 15:00:00,0.97885
ETH,2025-07-14 16:00:00,
ETH,2025-07-14 17:00:00,
ETH,2025-07-14 18:00:00,
ETH,2025-07-14 19:00:00,
ETH,2025-07-14 20:00:00,0.9698
ETH,2025-07-14 21:00:00,
ETH,2025-07-14 22:00:00,
ETH,2025-07-14 23:00:00,0.6645
ETH,2025-07-15 00:00:00,
ETH,2025-07-15 01:00:00,
ETH,2025-07-15 02:00:00,
ETH,2025-07-15 03:00:00,
ETH,2025-07-15 04:00:00,
ETH,2025-07-15 05:00:00,
ETH,2025-07-15 06:00:00,
ETH,2025-07-15 07:00:00,
ETH,2025-07-15 08:00:00,
ETH,2025-07-15 09:00:00,
ETH,2025-07-15 10:00:00,
ETH,2025-07-15 11:00:00,
ETH,2025-07-15 12:00:00,
ETH,2025-07-15 13:00:00,0.9874
ETH,2025-07-15 14:00:00,0.9625
ETH,2025-07-15 15:00:00,0.9693
ETH,2025-07-15 16:00:00,0.32985
ETH,2025-07-15 17:00:00,
ETH,2025-07-15 18:00:00,0.4974
ETH,2025-07-15 19:00:00,
ETH,2025-07-15 20:00:00,
ETH,2025-07-15 21:00:00,0.7845
ETH,2025-07-15 22:00:00,
ETH,2025-07-15 23:00:00,
ETH,2025-07-16 00:00:00,0.928
ETH,2025-07-16 01:00:00,
ETH,2025-07-16 02:00:00,
ETH,2025-07-16 03:00:00,
ETH,2025-07-16 04:00:00,
ETH,2025-07-16 05:00:00,
ETH,2025-07-16 06:00:00,
ETH,2025-07-16 07:00:00,
ETH,2025-07-16 08:00:00,
ETH,2025-07-16 09:00:00,
ETH,2025-07-16 10:00:00,
ETH,2025-07-16 11:00:00,
ETH,2025-07-16 12:00:00,0.9777
ETH,2025-07-16 13:00:00,0.6713
ETH,2025-07-16 14:00:00,
ETH,2025-07-16 15:00:00,0.9693
ETH,2025-07-16 16:00:00,
ETH,2025-07-16 17:00:00,0.8523
ETH,2025-07-16 18:00:00,0.6672
ETH,2025-07-16 19:00:00,
ETH,2025-07-16 20:00:00,
ETH,2025-07-16 21:00:00,0.19493333333333332
ETH,2025-07-16 22:00:00,
ETH,2025-07-16 23:00:00,
ETH,2025-07-17 00:00:00,
ETH,2025-07-17 01:00:00,
ETH,2025-07-17 02:00:00,
ETH,2025-07-17 03:00:00,
ETH,2025-07-17 04:00:00,
ETH,2025-07-17 05:00:00,
ETH,2025-07-17 06:00:00,0.3861333333333333
ETH,2025-07-17 07:00:00,
ETH,2025-07-17 08:00:00,
ETH,2025-07-17 09:00:00,0.2263
ETH,2025-07-17 10:00:00,
ETH,2025-07-17 11:00:00,0.7096
ETH,2025-07-17 12:00:00,
ETH,2025-07-17 13:00:00,0.9681
ETH,2025-07-17 14:00:00,
ETH,2025-07-17 15:00:00,0.9693
ETH,2025-07-17 16:00:00,
ETH,2025-07-17 17:00:00,0.3952
ETH,2025-07-17 18:00:00,
ETH,2025-07-17 19:00:00,
ETH,2025-07-17 20:00:00,
ETH,2025-07-17 21:00:00,
ETH,2025-07-17 22:00:00,-0.9742
ETH,2025-07-17 23:00:00,
ETH,2025-07-18 00:00:00,
ETH,2025-07-18 01:00:00,
ETH,2025-07-18 02:00:00,
ETH,2025-07-18 03:00:00,
ETH,2025-07-18 04:00:00,0.0
ETH,2025-07-18 05:00:00,
ETH,2025-07-18 06:00:00,0.4981
ETH,2025-07-18 07:00:00,0.2023
ETH,2025-07-18 08:00:00,
ETH,2025-07-18 09:00:00,
ETH,2025-07-18 10:00:00,-0.8176
ETH,2025-07-18 11:00:00,0.9827
ETH,2025-07-18 12:00:00,
ETH,2025-07-18 13:00:00,
ETH,2025-07-18 14:00:00,0.0
ETH,2025-07-18 15:00:00,0.9693
ETH,2025-07-18 16:00:00,
ETH,2025-07-18 17:00:00,0.5308999999999999
ETH,2025-07-18 18:00:00,0.9751
ETH,2025-07-18 19:00:00,
ETH,2025-07-18 20:00:00,
ETH,2025-07-18 21:00:00,
ETH,2025-07-18 22:00:00,
ETH,2025-07-18 23:00:00,
ETH,2025-07-19 00:00:00,
ETH,2025-07-19 01:00:00,
ETH,2025-07-19 02:00:00,
ETH,2025-07-19 03:00:00,
ETH,2025-07-19 04:00:00,0.0
ETH,2025-07-19 05:00:00,
ETH,2025-07-19 06:00:00,
ETH,2025-07-19 07:00:00,
ETH,2025-07-19 08:00:00,
ETH,2025-07-19 09:00:00,
ETH,2025-07-19 10:00:00,
ETH,2025-07-19 11:00:00,
ETH,2025-07-19 12:00:00,0.0
ETH,2025-07-19 13:00:00,-0.6249
ETH,2025-07-19 14:00:00,
ETH,2025-07-19 15:00:00,0.48465
ETH,2025-07-19 16:00:00,
ETH,2025-07-19 17:00:00,
ETH,2025-07-19 18:00:00,
ETH,2025-07-19 19:00:00,
ETH,2025-07-19 20:00:00,
ETH,2025-07-19 21:00:00,
ETH,2025-07-19 22:00:00,
ETH,2025-07-19 23:00:00,
ETH,2025-07-20 00:00:00,
ETH,2025-07-20 01:00:00,
ETH,2025-07-20 02:00:00,
ETH,2025-07-20 03:00:00,
ETH,2025-07-20 04:00:00,
ETH,2025-07-20 05:00:00,
ETH,2025-07-20 06:00:00,0.0
ETH,2025-07-20 07:00:00,0.0
ETH,2025-07-20 08:00:00,0.9393
ETH,2025-07-20 09:00:00,0.4588
ETH,2025-07-20 10:00:00,
ETH,2025-07-20 11:00:00,
ETH,2025-07-20 12:00:00,
ETH,2025-07-20 13:00:00,
ETH,2025-07-20 14:00:00,
ETH,2025-07-20 15:00:00,0.9693
ETH,2025-07-20 16:00:00,
ETH,2025-07-20 17:00:00,-0.3818
ETH,2025-07-20 18:00:00,
ETH,2025-07-20 19:00:00,0.33294999999999997
ETH,2025-07-20 20:00:00,
ETH,2025-07-20 21:00:00,
ETH,2025-07-20 22:00:00,
ETH,2025-07-20 23:00:00,-0.4909
ETH,2025-07-21 00:00:00,
ETH,2025-07-21 01:00:00,
ETH,2025-07-21 02:00:00,
ETH,2025-07-21 03:00:00,
ETH,2025-07-21 04:00:00,0.0
ETH,2025-07-21 05:00:00,
ETH,2025-07-21 06:00:00,
ETH,2025-07-21 07:00:00,0.0
ETH,2025-07-21 08:00:00,-0.5574
ETH,2025-07-21 09:00:00,
ETH,2025-07-21 10:00:00,0.2263
ETH,2025-07-21 11:00:00,
ETH,2025-07-21 12:00:00,0.4395
ETH,2025-07-21 13:00:00,-0.327
ETH,2025-07-21 14:00:00,
ETH,2025-07-21 15:00:00,0.9693
ETH,2025-07-21 16:00:00,
ETH,2025-07-21 17:00:00,
ETH,2025-07-21 18:00:00,0.17746666666666666
ETH,2025-07-21 19:00:00,0.4215
ETH,2025-07-21 20:00:00,
ETH,2025-07-21 21:00:00,0.9736
ETH,2025-07-21 22:00:00,
ETH,2025-07-21 23:00:00,
ETH,2025-07-22 00:00:00,
ETH,2025-07-22 01:00:00,
ETH,2025-07-22 02:00:00,
ETH,2025-07-22 03:00:00,
ETH,2025-07-22 04:00:00,
ETH,2025-07-22 05:00:00,
ETH,2025-07-22 06:00:00,
ETH,2025-07-22 07:00:00,
ETH,2025-07-22 08:00:00,
ETH,2025-07-22 09:00:00,
ETH,2025-07-22 10:00:00,
ETH,2025-07-22 11:00:00,
ETH,2025-07-22 12:00:00,0.3706333333333333
ETH,2025-07-22 13:00:00,
ETH,2025-07-22 14:00:00,0.6486
ETH,2025-07-22 15:00:00,0.9693
ETH,2025-07-22 16:00:00,
ETH,2025-07-22 17:00:00,
ETH,2025-07-22 18:00:00,0.0
ETH,2025-07-22 19:00:00,0.9102
ETH,2025-07-22 20:00:00,0.2263
ETH,2025-07-22 21:00:00,-0.4939
ETH,2025-07-22 22:00:00,
ETH,2025-07-22 23:00:00,
ETH,2025-07-23 00:00:00,0.9693
ETH,2025-07-23 01:00:00,0.43825
ETH,2025-07-23 02:00:00,
ETH,2025-07-23 03:00:00,0.9756
ETH,2025-07-23 04:00:00,
ETH,2025-07-23 05:00:00,
ETH,2025-07-23 06:00:00,
ETH,2025-07-23 07:00:00,
ETH,2025-07-23 08:00:00,0.0
ETH,2025-07-23 09:00:00,0.0
ETH,2025-07-23 10:00:00,
ETH,2025-07-23 11:00:00,
ETH,2025-07-23 12:00:00,
ETH,2025-07-23 13:00:00,0.9597
ETH,2025-07-23 14:00:00,
ETH,2025-07-23 15:00:00,
ETH,2025-07-23 16:00:00,
ETH,2025-07-23 17:00:00,0.9692
ETH,2025-07-23 18:00:00,
ETH,2025-07-23 19:00:00,
ETH,2025-07-23 20:00:00,
ETH,2025-07-23 21:00:00,
ETH,2025-07-23 22:00:00,
ETH,2025-07-23 23:00:00,0.4537
ETH,2025-07-24 00:00:00,0.9693
ETH,2025-07-24 01:00:00,
ETH,2025-07-24 02:00:00,
ETH,2025-07-24 03:00:00,
ETH,2025-07-24 04:00:00,
ETH,2025-07-24 05:00:00,
ETH,2025-07-24 06:00:00,-0.7882
OTHER,2025-07-09 19:00:00,0.0
OTHER,2025-07-09 20:00:00,0.12465000000000001
OTHER,2025-07-09 21:00:00,-0.8472
OTHER,2025-07-09 22:00:00,
OTHER,2025-07-09 23:00:00,0.5256
OTHER,2025-07-10 00:00:00,
OTHER,2025-07-10 01:00:00,
OTHER,2025-07-10 02:00:00,
OTHER,2025-07-10 03:00:00,
OTHER,2025-07-10 04:00:00,-0.9186
OTHER,2025-07-10 05:00:00,
OTHER,2025-07-10 06:00:00,0.4939
OTHER,2025-07-10 07:00:00,
OTHER,2025-07-10 08:00:00,
OTHER,2025-07-10 09:00:00,0.27304999999999996
OTHER,2025-07-10 10:00:00,
OTHER,2025-07-10 11:00:00,0.21075
OTHER,2025-07-10 12:00:00,0.33590000000000003
OTHER,2025-07-10 13:00:00,
OTHER,2025-07-10 14:00:00,-0.027699999999999985
OTHER,2025-07-10 15:00:00,0.958
OTHER,2025-07-10 16:00:00,-0.05135
OTHER,2025-07-10 17:00:00,0.29295
OTHER,2025-07-10 18:00:00,0.0
OTHER,2025-07-10 19:00:00,0.125
OTHER,2025-07-10 20:00:00,0.0
OTHER,2025-07-10 21:00:00,0.19146666666666667
OTHER,2025-07-10 22:00:00,0.0
OTHER,2025-07-10 23:00:00,0.9083
OTHER,2025-07-11 00:00:00,0.0
OTHER,2025-07-11 01:00:00,
OTHER,2025-07-11 02:00:00,0.957
OTHER,2025-07-11 03:00:00,
OTHER,2025-07-11 04:00:00,
OTHER,2025-07-11 05:00:00,
OTHER,2025-07-11 06:00:00,0.0
OTHER,2025-07-11 07:00:00,
OTHER,2025-07-11 08:00:00,-0.6023499999999999
OTHER,2025-07-11 09:00:00,-0.17556666666666665
OTHER,2025-07-11 10:00:00,-0.4767
OTHER,2025-07-11 11:00:00,
OTHER,2025-07-11 12:00:00,0.0
OTHER,2025-07-11 13:00:00,0.0
OTHER,2025-07-11 14:00:00,
OTHER,2025-07-11 15:00:00,-0.11340000000000001
OTHER,2025-07-11 16:00:00,
OTHER,2025-07-11 17:00:00,-0.1027
OTHER,2025-07-11 18:00:00,-0.27225
OTHER,2025-07-11 19:00:00,0.025800000000000007
OTHER,2025-07-11 20:00:00,0.181275
OTHER,2025-07-11 21:00:00,0.0
OTHER,2025-07-11 22:00:00,0.9438500000000001
OTHER,2025-07-11 23:00:00,
OTHER,2025-07-12 00:00:00,
OTHER,2025-07-12 01:00:00,0.9632
OTHER,2025-07-12 02:00:00,
OTHER,2025-07-12 03:00:00,
OTHER,2025-07-12 04:00:00,0.0
OTHER,2025-07-12 05:00:00,0.0
OTHER,2025-07-12 06:00:00,
OTHER,2025-07-12 07:00:00,-0.1779
OTHER,2025-07-12 08:00:00,
OTHER,2025-07-12 09:00:00,
OTHER,2025-07-12 10:00:00,
OTHER,2025-07-12 11:00:00,
OTHER,2025-07-12 12:00:00,0.3062
OTHER,2025-07-12 13:00:00,
OTHER,2025-07-12 14:00:00,-0.3182
OTHER,2025-07-12 15:00:00,
OTHER,2025-07-12 16:00:00,0.013000000000000012
OTHER,2025-07-12 17:00:00,0.0
OTHER,2025-07-12 18:00:00,0.9919
OTHER,2025-07-12 19:00:00,0.7027
OTHER,2025-07-12 20:00:00,
OTHER,2025-07-12 21:00:00,-0.5106
OTHER,2025-07-12 22:00:00,0.5106
OTHER,2025-07-12 23:00:00,-0.7659
OTHER,2025-07-13 00:00:00,
OTHER,2025-07-13 01:00:00,0.10115
OTHER,2025-07-13 02:00:00,
OTHER,2025-07-13 03:00:00,-0.5574
OTHER,2025-07-13 04:00:00,
OTHER,2025-07-13 05:00:00,
OTHER,2025-07-13 06:00:00,0.0
OTHER,2025-07-13 07:00:00,0.3818
OTHER,2025-07-13 08:00:00,0.0
OTHER,2025-07-13 09:00:00,
OTHER,2025-07-13 10:00:00,-0.1531
OTHER,2025-07-13 11:00:00,-0.3612
OTHER,2025-07-13 12:00:00,0.14200000000000002
OTHER,2025-07-13 13:00:00,
OTHER,2025-07-13 14:00:00,0.0
OTHER,2025-07-13 15:00:00,
OTHER,2025-07-13 16:00:00,-0.4404
OTHER,2025-07-13 17:00:00,0.48324999999999996
OTHER,2025-07-13 18:00:00,
OTHER,2025-07-13 19:00:00,-0.131675
OTHER,2025-07-13 20:00:00,
OTHER,2025-07-13 21:00:00,-0.14689999999999998
OTHER,2025-07-13 22:00:00,0.0
OTHER,2025-07-13 23:00:00,
OTHER,2025-07-14 00:00:00,
OTHER,2025-07-14 01:00:00,-0.1027
OTHER,2025-07-14 02:00:00,
OTHER,2025-07-14 03:00:00,
OTHER,2025-07-14 04:00:00,
OTHER,2025-07-14 05:00:00,-0.2553
OTHER,2025-07-14 06:00:00,0.0772
OTHER,2025-07-14 07:00:00,0.7499
OTHER,2025-07-14 08:00:00,
OTHER,2025-07-14 09:00:00,
OTHER,2025-07-14 10:00:00,0.35015
OTHER,2025-07-14 11:00:00,
OTHER,2025-07-14 12:00:00,0.125
OTHER,2025-07-14 13:00:00,-0.5106
OTHER,2025-07-14 14:00:00,0.4404
OTHER,2025-07-14 15:00:00,-0.6369
OTHER,2025-07-14 16:00:00,-0.296
OTHER,2025-07-14 17:00:00,0.0
OTHER,2025-07-14 18:00:00,0.2023
OTHER,2025-07-14 19:00:00,0.9143
OTHER,2025-07-14 20:00:00,0.24695
OTHER,2025-07-14 21:00:00,0.26185
OTHER,2025-07-14 22:00:00,0.0
OTHER,2025-07-14 23:00:00,-0.0386
OTHER,2025-07-15 00:00:00,
OTHER,2025-07-15 01:00:00,
OTHER,2025-07-15 02:00:00,
OTHER,2025-07-15 03:00:00,0.2263
OTHER,2025-07-15 04:00:00,-0.5106
OTHER,2025-07-15 05:00:00,0.5939
OTHER,2025-07-15 06:00:00,-0.5574
OTHER,2025-07-15 07:00:00,0.4215
OTHER,2025-07-15 08:00:00,
OTHER,2025-07-15 09:00:00,
OTHER,2025-07-15 10:00:00,0.13396666666666665
OTHER,2025-07-15 11:00:00,0.1779
OTHER,2025-07-15 12:00:00,
OTHER,2025-07-15 13:00:00,-0.13319999999999999
OTHER,2025-07-15 14:00:00,0.0
OTHER,2025-07-15 15:00:00,0.3297
OTHER,2025-07-15 16:00:00,0.10976666666666667
OTHER,2025-07-15 17:00:00,0.32985
OTHER,2025-07-15 18:00:00,
OTHER,2025-07-15 19:00:00,0.25
OTHER,2025-07-15 20:00:00,0.386425
OTHER,2025-07-15 21:00:00,0.0
OTHER,2025-07-15 22:00:00,-0.5067
OTHER,2025-07-15 23:00:00,0.875
OTHER,2025-07-16 00:00:00,0.9765
OTHER,2025-07-16 01:00:00,-0.5106
OTHER,2025-07-16 02:00:00,0.0
OTHER,2025-07-16 03:00:00,
OTHER,2025-07-16 04:00:00,
OTHER,2025-07-16 05:00:00,-0.3716
OTHER,2025-07-16 06:00:00,0.34555
OTHER,2025-07-16 07:00:00,-0.11623333333333334
OTHER,2025-07-16 08:00:00,
OTHER,2025-07-16 09:00:00,
OTHER,2025-07-16 10:00:00,-0.17046666666666668
OTHER,2025-07-16 11:00:00,0.5423
OTHER,2025-07-16 12:00:00,0.0
OTHER,2025-07-16 13:00:00,0.4939
OTHER,2025-07-16 14:00:00,0.0
OTHER,2025-07-16 15:00:00,0.0
OTHER,2025-07-16 16:00:00,0.06743333333333333
OTHER,2025-07-16 17:00:00,-0.07800000000000001
OTHER,2025-07-16 18:00:00,-0.34054
OTHER,2025-07-16 19:00:00,0.22556666666666667
OTHER,2025-07-16 20:00:00,
OTHER,2025-07-16 21:00:00,0.01935
OTHER,2025-07-16 22:00:00,0.9959
OTHER,2025-07-16 23:00:00,
OTHER,2025-07-17 00:00:00,
OTHER,2025-07-17 01:00:00,0.2997
OTHER,2025-07-17 02:00:00,
OTHER,2025-07-17 03:00:00,
OTHER,2025-07-17 04:00:00,0.86475
OTHER,2025-07-17 05:00:00,0.0
OTHER,2025-07-17 06:00:00,
OTHER,2025-07-17 07:00:00,
OTHER,2025-07-17 08:00:00,0.8033
OTHER,2025-07-17 09:00:00,
OTHER,2025-07-17 10:00:00,0.3937
OTHER,2025-07-17 11:00:00,0.6385666666666666
OTHER,2025-07-17 12:00:00,0.0
OTHER,2025-07-17 13:00:00,-0.22953333333333334
OTHER,2025-07-17 14:00:00,0.3578
OTHER,2025-07-17 15:00:00,-0.5428499999999999
OTHER,2025-07-17 16:00:00,-0.21583333333333332
OTHER,2025-07-17 17:00:00,0.08123333333333331
OTHER,2025-07-17 18:00:00,-0.7783
OTHER,2025-07-17 19:00:00,0.8157
OTHER,2025-07-17 20:00:00,0.02694000000000001
OTHER,2025-07-17 21:00:00,-0.08334
OTHER,2025-07-17 22:00:00,0.50525
OTHER,2025-07-17 23:00:00,
OTHER,2025-07-18 00:00:00,0.9234
OTHER,2025-07-18 01:00:00,
OTHER,2025-07-18 02:00:00,
OTHER,2025-07-18 03:00:00,
OTHER,2025-07-18 04:00:00,
OTHER,2025-07-18 05:00:00,
OTHER,2025-07-18 06:00:00,0.0
OTHER,2025-07-18 07:00:00,0.4588
OTHER,2025-07-18 08:00:00,-0.3397
OTHER,2025-07-18 09:00:00,0.0
OTHER,2025-07-18 10:00:00,
OTHER,2025-07-18 11:00:00,-0.34
OTHER,2025-07-18 12:00:00,0.38473999999999997
OTHER,2025-07-18 13:00:00,0.6838333333333333
OTHER,2025-07-18 14:00:00,0.49113333333333326
OTHER,2025-07-18 15:00:00,0.9899
OTHER,2025-07-18 16:00:00,
OTHER,2025-07-18 17:00:00,
OTHER,2025-07-18 18:00:00,
OTHER,2025-07-18 19:00:00,0.0386
OTHER,2025-07-18 20:00:00,0.7975000000000001
OTHER,2025-07-18 21:00:00,0.11786666666666668
OTHER,2025-07-18 22:00:00,-0.4871
OTHER,2025-07-18 23:00:00,
OTHER,2025-07-19 00:00:00,0.0
OTHER,2025-07-19 01:00:00,0.0
OTHER,2025-07-19 02:00:00,
OTHER,2025-07-19 03:00:00,
OTHER,2025-07-19 04:00:00,0.9563
OTHER,2025-07-19 05:00:00,
OTHER,2025-07-19 06:00:00,0.0
OTHER,2025-07-19 07:00:00,0.128
OTHER,2025-07-19 08:00:00,
OTHER,2025-07-19 09:00:00,0.4588
OTHER,2025-07-19 10:00:00,0.0
OTHER,2025-07-19 11:00:00,0.0
OTHER,2025-07-19 12:00:00,-0.4019
OTHER,2025-07-19 13:00:00,
OTHER,2025-07-19 14:00:00,0.9858
OTHER,2025-07-19 15:00:00,
OTHER,2025-07-19 16:00:00,0.0
OTHER,2025-07-19 17:00:00,
OTHER,2025-07-19 18:00:00,0.0
OTHER,2025-07-19 19:00:00,
OTHER,2025-07-19 20:00:00,-0.22545
OTHER,2025-07-19 21:00:00,
OTHER,2025-07-19 22:00:00,
OTHER,2025-07-19 23:00:00,0.9239
OTHER,2025-07-20 00:00:00,
OTHER,2025-07-20 01:00:00,0.9563
OTHER,2025-07-20 02:00:00,0.4767
OTHER,2025-07-20 03:00:00,0.47065
OTHER,2025-07-20 04:00:00,0.0
OTHER,2025-07-20 05:00:00,
OTHER,2025-07-20 06:00:00,
OTHER,2025-07-20 07:00:00,
OTHER,2025-07-20 08:00:00,0.0
OTHER,2025-07-20 09:00:00,-0.2023
OTHER,2025-07-20 10:00:00,
OTHER,2025-07-20 11:00:00,
OTHER,2025-07-20 12:00:00,-0.0258
OTHER,2025-07-20 13:00:00,
OTHER,2025-07-20 14:00:00,0.0516
OTHER,2025-07-20 15:00:00,0.0
OTHER,2025-07-20 16:00:00,-0.31845
OTHER,2025-07-20 17:00:00,0.34
OTHER,2025-07-20 18:00:00,-0.4019
OTHER,2025-07-20 19:00:00,
OTHER,2025-07-20 20:00:00,0.0
OTHER,2025-07-20 21:00:00,
OTHER,2025-07-20 22:00:00,0.9256
OTHER,2025-07-20 23:00:00,-0.9356
OTHER,2025-07-21 00:00:00,-0.0516
OTHER,2025-07-21 01:00:00,
OTHER,2025-07-21 02:00:00,
OTHER,2025-07-21 03:00:00,
OTHER,2025-07-21 04:00:00,0.832
OTHER,2025-07-21 05:00:00,-0.5859
OTHER,2025-07-21 06:00:00,
OTHER,2025-07-21 07:00:00,
OTHER,2025-07-21 08:00:00,
OTHER,2025-07-21 09:00:00,0.0
OTHER,2025-07-21 10:00:00,
OTHER,2025-07-21 11:00:00,0.0
OTHER,2025-07-21 12:00:00,
OTHER,2025-07-21 13:00:00,-0.7579
OTHER,2025-07-21 14:00:00,-0.07965
OTHER,2025-07-21 15:00:00,
OTHER,2025-07-21 16:00:00,0.2621
OTHER,2025-07-21 17:00:00,0.25505999999999995
OTHER,2025-07-21 18:00:00,-0.1027
OTHER,2025-07-21 19:00:00,
OTHER,2025-07-21 20:00:00,0.22809999999999997
OTHER,2025-07-21 21:00:00,
OTHER,2025-07-21 22:00:00,
OTHER,2025-07-21 23:00:00,0.0
OTHER,2025-07-22 00:00:00,
OTHER,2025-07-22 01:00:00,0.0
OTHER,2025-07-22 02:00:00,0.5588
OTHER,2025-07-22 03:00:00,
OTHER,2025-07-22 04:00:00,0.0
OTHER,2025-07-22 05:00:00,-0.34
OTHER,2025-07-22 06:00:00,
OTHER,2025-07-22 07:00:00,
OTHER,2025-07-22 08:00:00,
OTHER,2025-07-22 09:00:00,0.0
OTHER,2025-07-22 10:00:00,
OTHER,2025-07-22 11:00:00,0.22613333333333333
OTHER,2025-07-22 12:00:00,-0.025025000000000002
OTHER,2025-07-22 13:00:00,0.0258
OTHER,2025-07-22 14:00:00,0.36623333333333336
OTHER,2025-07-22 15:00:00,0.108225
OTHER,2025-07-22 16:00:00,0.9479
OTHER,2025-07-22 17:00:00,0.4404
OTHER,2025-07-22 18:00:00,-0.41486
OTHER,2025-07-22 19:00:00,0.9817
OTHER,2025-07-22 20:00:00,-0.034674999999999984
OTHER,2025-07-22 21:00:00,0.9791
OTHER,2025-07-22 22:00:00,0.4215
OTHER,2025-07-22 23:00:00,
OTHER,2025-07-23 00:00:00,
OTHER,2025-07-23 01:00:00,0.2732
OTHER,2025-07-23 02:00:00,
OTHER,2025-07-23 03:00:00,
OTHER,2025-07-23 04:00:00,-0.3715
OTHER,2025-07-23 05:00:00,0.0
OTHER,2025-07-23 06:00:00,0.19695
OTHER,2025-07-23 07:00:00,0.4019
OTHER,2025-07-23 08:00:00,0.0
OTHER,2025-07-23 09:00:00,
OTHER,2025-07-23 10:00:00,0.6249
OTHER,2025-07-23 11:00:00,-0.36335
OTHER,2025-07-23 12:00:00,0.12040000000000001
OTHER,2025-07-23 13:00:00,
OTHER,2025-07-23 14:00:00,-0.1027
OTHER,2025-07-23 15:00:00,-0.5719
OTHER,2025-07-23 16:00:00,-0.4215
OTHER,2025-07-23 17:00:00,-0.4266
OTHER,2025-07-23 18:00:00,0.63595
OTHER,2025-07-23 19:00:00,
OTHER,2025-07-23 20:00:00,-0.296
OTHER,2025-07-23 21:00:00,
OTHER,2025-07-23 22:00:00,0.0
OTHER,2025-07-23 23:00:00,
OTHER,2025-07-24 00:00:00,
OTHER,2025-07-24 01:00:00,0.0258
OTHER,2025-07-24 02:00:00,-0.1998
OTHER,2025-07-24 03:00:00,0.0
OTHER,2025-07-24 04:00:00,
OTHER,2025-07-24 05:00:00,
OTHER,2025-07-24 06:00:00,
OTHER,2025-07-24 07:00:00,0.0
OTHER,2025-07-24 08:00:00,
OTHER,2025-07-24 09:00:00,0.0
SOL,2025-07-10 11:00:00,0.949
SOL,2025-07-10 12:00:00,
SOL,2025-07-10 13:00:00,
SOL,2025-07-10 14:00:00,
SOL,2025-07-10 15:00:00,
SOL,2025-07-10 16:00:00,
SOL,2025-07-10 17:00:00,
SOL,2025-07-10 18:00:00,
SOL,2025-07-10 19:00:00,
SOL,2025-07-10 20:00:00,
SOL,2025-07-10 21:00:00,
SOL,2025-07-10 22:00:00,0.4351
SOL,2025-07-10 23:00:00,
SOL,2025-07-11 00:00:00,
SOL,2025-07-11 01:00:00,
SOL,2025-07-11 02:00:00,
SOL,2025-07-11 03:00:00,
SOL,2025-07-11 04:00:00,
SOL,2025-07-11 05:00:00,
SOL,2025-07-11 06:00:00,
SOL,2025-07-11 07:00:00,
SOL,2025-07-11 08:00:00,
SOL,2025-07-11 09:00:00,
SOL,2025-07-11 10:00:00,
SOL,2025-07-11 11:00:00,
SOL,2025-07-11 12:00:00,
SOL,2025-07-11 13:00:00,
SOL,2025-07-11 14:00:00,
SOL,2025-07-11 15:00:00,
SOL,2025-07-11 16:00:00,
SOL,2025-07-11 17:00:00,
SOL,2025-07-11 18:00:00,
SOL,2025-07-11 19:00:00,
SOL,2025-07-11 20:00:00,
SOL,2025-07-11 21:00:00,
SOL,2025-07-11 22:00:00,0.12285000000000001
SOL,2025-07-11 23:00:00,
SOL,2025-07-12 00:00:00,
SOL,2025-07-12 01:00:00,
SOL,2025-07-12 02:00:00,
SOL,2025-07-12 03:00:00,
SOL,2025-07-12 04:00:00,
SOL,2025-07-12 05:00:00,
SOL,2025-07-12 06:00:00,
SOL,2025-07-12 07:00:00,
SOL,2025-07-12 08:00:00,0.5775
SOL,2025-07-12 09:00:00,
SOL,2025-07-12 10:00:00,
SOL,2025-07-12 11:00:00,
SOL,2025-07-12 12:00:00,0.2023
SOL,2025-07-12 13:00:00,
SOL,2025-07-12 14:00:00,
SOL,2025-07-12 15:00:00,
SOL,2025-07-12 16:00:00,
SOL,2025-07-12 17:00:00,
SOL,2025-07-12 18:00:00,0.0
SOL,2025-07-12 19:00:00,
SOL,2025-07-12 20:00:00,
SOL,2025-07-12 21:00:00,
SOL,2025-07-12 22:00:00,
SOL,2025-07-12 23:00:00,
SOL,2025-07-13 00:00:00,
SOL,2025-07-13 01:00:00,
SOL,2025-07-13 02:00:00,
SOL,2025-07-13 03:00:00,
SOL,2025-07-13 04:00:00,
SOL,2025-07-13 05:00:00,
SOL,2025-07-13 06:00:00,
SOL,2025-07-13 07:00:00,
SOL,2025-07-13 08:00:00,
SOL,2025-07-13 09:00:00,0.2523
SOL,2025-07-13 10:00:00,
SOL,2025-07-13 11:00:00,
SOL,2025-07-13 12:00:00,
SOL,2025-07-13 13:00:00,
SOL,2025-07-13 14:00:00,-0.299
SOL,2025-07-13 15:00:00,
SOL,2025-07-13 16:00:00,
SOL,2025-07-13 17:00:00,
SOL,2025-07-13 18:00:00,
SOL,2025-07-13 19:00:00,
SOL,2025-07-13 20:00:00,
SOL,2025-07-13 21:00:00,
SOL,2025-07-13 22:00:00,
SOL,2025-07-13 23:00:00,
SOL,2025-07-14 00:00:00,
SOL,2025-07-14 01:00:00,
SOL,2025-07-14 02:00:00,
SOL,2025-07-14 03:00:00,
SOL,2025-07-14 04:00:00,
SOL,2025-07-14 05:00:00,
SOL,2025-07-14 06:00:00,
SOL,2025-07-14 07:00:00,
SOL,2025-07-14 08:00:00,
SOL,2025-07-14 09:00:00,
SOL,2025-07-14 10:00:00,
SOL,2025-07-14 11:00:00,
SOL,2025-07-14 12:00:00,
SOL,2025-07-14 13:00:00,
SOL,2025-07-14 14:00:00,0.5106
SOL,2025-07-14 15:00:00,
SOL,2025-07-14 16:00:00,
SOL,2025-07-14 17:00:00,
SOL,2025-07-14 18:00:00,
SOL,2025-07-14 19:00:00,
SOL,2025-07-14 20:00:00,
SOL,2025-07-14 21:00:00,
SOL,2025-07-14 22:00:00,
SOL,2025-07-14 23:00:00,
SOL,2025-07-15 00:00:00,
SOL,2025-07-15 01:00:00,
SOL,2025-07-15 02:00:00,
SOL,2025-07-15 03:00:00,
SOL,2025-07-15 04:00:00,
SOL,2025-07-15 05:00:00,
SOL,2025-07-15 06:00:00,
SOL,2025-07-15 07:00:00,
SOL,2025-07-15 08:00:00,
SOL,2025-07-15 09:00:00,
SOL,2025-07-15 10:00:00,
SOL,2025-07-15 11:00:00,
SOL,2025-07-15 12:00:00,
SOL,2025-07-15 13:00:00,0.9514
SOL,2025-07-15 14:00:00,
SOL,2025-07-15 15:00:00,
SOL,2025-07-15 16:00:00,
SOL,2025-07-15 17:00:00,
SOL,2025-07-15 18:00:00,
SOL,2025-07-15 19:00:00,
SOL,2025-07-15 20:00:00,
SOL,2025-07-15 21:00:00,
SOL,2025-07-15 22:00:00,
SOL,2025-07-15 23:00:00,
SOL,2025-07-16 00:00:00,
SOL,2025-07-16 01:00:00,
SOL,2025-07-16 02:00:00,
SOL,2025-07-16 03:00:00,
SOL,2025-07-16 04:00:00,
SOL,2025-07-16 05:00:00,0.5106
SOL,2025-07-16 06:00:00,
SOL,2025-07-16 07:00:00,
SOL,2025-07-16 08:00:00,
SOL,2025-07-16 09:00:00,
SOL,2025-07-16 10:00:00,
SOL,2025-07-16 11:00:00,
SOL,2025-07-16 12:00:00,
SOL,2025-07-16 13:00:00,0.991
SOL,2025-07-16 14:00:00,
SOL,2025-07-16 15:00:00,0.9589
SOL,2025-07-16 16:00:00,
SOL,2025-07-16 17:00:00,
SOL,2025-07-16 18:00:00,
SOL,2025-07-16 19:00:00,
SOL,2025-07-16 20:00:00,
SOL,2025-07-16 21:00:00,
SOL,2025-07-16 22:00:00,
SOL,2025-07-16 23:00:00,0.2786
SOL,2025-07-17 00:00:00,
SOL,2025-07-17 01:00:00,
SOL,2025-07-17 02:00:00,
SOL,2025-07-17 03:00:00,
SOL,2025-07-17 04:00:00,
SOL,2025-07-17 05:00:00,
SOL,2025-07-17 06:00:00,
SOL,2025-07-17 07:00:00,
SOL,2025-07-17 08:00:00,
SOL,2025-07-17 09:00:00,
SOL,2025-07-17 10:00:00,
SOL,2025-07-17 11:00:00,
SOL,2025-07-17 12:00:00,
SOL,2025-07-17 13:00:00,
SOL,2025-07-17 14:00:00,
SOL,2025-07-17 15:00:00,
SOL,2025-07-17 16:00:00,
SOL,2025-07-17 17:00:00,
SOL,2025-07-17 18:00:00,
SOL,2025-07-17 19:00:00,
SOL,2025-07-17 20:00:00,
SOL,2025-07-17 21:00:00,
SOL,2025-07-17 22:00:00,
SOL,2025-07-17 23:00:00,
SOL,2025-07-18 00:00:00,
SOL,2025-07-18 01:00:00,0.7013
SOL,2025-07-18 02:00:00,0.7149
SOL,2025-07-18 03:00:00,
SOL,2025-07-18 04:00:00,
SOL,2025-07-18 05:00:00,
SOL,2025-07-18 06:00:00,
SOL,2025-07-18 07:00:00,
SOL,2025-07-18 08:00:00,
SOL,2025-07-18 09:00:00,
SOL,2025-07-18 10:00:00,
SOL,2025-07-18 11:00:00,
SOL,2025-07-18 12:00:00,
SOL,2025-07-18 13:00:00,
SOL,2025-07-18 14:00:00,
SOL,2025-07-18 15:00:00,
SOL,2025-07-18 16:00:00,
SOL,2025-07-18 17:00:00,
SOL,2025-07-18 18:00:00,
SOL,2025-07-18 19:00:00,
SOL,2025-07-18 20:00:00,
SOL,2025-07-18 21:00:00,
SOL,2025-07-18 22:00:00,
SOL,2025-07-18 23:00:00,
SOL,2025-07-19 00:00:00,
SOL,2025-07-19 01:00:00,
SOL,2025-07-19 02:00:00,
SOL,2025-07-19 03:00:00,
SOL,2025-07-19 04:00:00,
SOL,2025-07-19 05:00:00,
SOL,2025-07-19 06:00:00,
SOL,2025-07-19 07:00:00,
SOL,2025-07-19 08:00:00,
SOL,2025-07-19 09:00:00,
SOL,2025-07-19 10:00:00,
SOL,2025-07-19 11:00:00,
SOL,2025-07-19 12:00:00,
SOL,2025-07-19 13:00:00,
SOL,2025-07-19 14:00:00,
SOL,2025-07-19 15:00:00,
SOL,2025-07-19 16:00:00,
SOL,2025-07-19 17:00:00,-0.9932
SOL,2025-07-19 18:00:00,
SOL,2025-07-19 19:00:00,
SOL,2025-07-19 20:00:00,
SOL,2025-07-19 21:00:00,
SOL,2025-07-19 22:00:00,
SOL,2025-07-19 23:00:00,
SOL,2025-07-20 00:00:00,
SOL,2025-07-20 01:00:00,
SOL,2025-07-20 02:00:00,
SOL,2025-07-20 03:00:00,
SOL,2025-07-20 04:00:00,
SOL,2025-07-20 05:00:00,
SOL,2025-07-20 06:00:00,
SOL,2025-07-20 07:00:00,0.4404
SOL,2025-07-20 08:00:00,
SOL,2025-07-20 09:00:00,
SOL,2025-07-20 10:00:00,0.0
SOL,2025-07-20 11:00:00,0.669
SOL,2025-07-20 12:00:00,
SOL,2025-07-20 13:00:00,
SOL,2025-07-20 14:00:00,
SOL,2025-07-20 15:00:00,
SOL,2025-07-20 16:00:00,
SOL,2025-07-20 17:00:00,
SOL,2025-07-20 18:00:00,
SOL,2025-07-20 19:00:00,
SOL,2025-07-20 20:00:00,
SOL,2025-07-20 21:00:00,
SOL,2025-07-20 22:00:00,
SOL,2025-07-20 23:00:00,
SOL,2025-07-21 00:00:00,
SOL,2025-07-21 01:00:00,
SOL,2025-07-21 02:00:00,
SOL,2025-07-21 03:00:00,
SOL,2025-07-21 04:00:00,
SOL,2025-07-21 05:00:00,
SOL,2025-07-21 06:00:00,
SOL,2025-07-21 07:00:00,
SOL,2025-07-21 08:00:00,
SOL,2025-07-21 09:00:00,
SOL,2025-07-21 10:00:00,
SOL,2025-07-21 11:00:00,
SOL,2025-07-21 12:00:00,0.0
SOL,2025-07-21 13:00:00,
SOL,2025-07-21 14:00:00,
SOL,2025-07-21 15:00:00,
SOL,2025-07-21 16:00:00,
SOL,2025-07-21 17:00:00,
SOL,2025-07-21 18:00:00,
SOL,2025-07-21 19:00:00,
SOL,2025-07-21 20:00:00,
SOL,2025-07-21 21:00:00,
SOL,2025-07-21 22:00:00,
SOL,2025-07-21 23:00:00,
SOL,2025-07-22 00:00:00,
SOL,2025-07-22 01:00:00,
SOL,2025-07-22 02:00:00,
SOL,2025-07-22 03:00:00,
SOL,2025-07-22 04:00:00,
SOL,2025-07-22 05:00:00,
SOL,2025-07-22 06:00:00,
SOL,2025-07-22 07:00:00,
SOL,2025-07-22 08:00:00,
SOL,2025-07-22 09:00:00,
SOL,2025-07-22 10:00:00,
SOL,2025-07-22 11:00:00,
SOL,2025-07-22 12:00:00,
SOL,2025-07-22 13:00:00,-0.2677
SOL,2025-07-22 14:00:00,0.9588
SOL,2025-07-22 15:00:00,
SOL,2025-07-22 16:00:00,
SOL,2025-07-22 17:00:00,0.0
SOL,2025-07-22 18:00:00,
SOL,2025-07-22 19:00:00,
SOL,2025-07-22 20:00:00,0.2687
SOL,2025-07-22 21:00:00,
SOL,2025-07-22 22:00:00,
SOL,2025-07-22 23:00:00,
SOL,2025-07-23 00:00:00,
SOL,2025-07-23 01:00:00,
SOL,2025-07-23 02:00:00,
SOL,2025-07-23 03:00:00,
SOL,2025-07-23 04:00:00,
SOL,2025-07-23 05:00:00,
SOL,2025-07-23 06:00:00,
SOL,2025-07-23 07:00:00,
SOL,2025-07-23 08:00:00,
SOL,2025-07-23 09:00:00,
SOL,2025-07-23 10:00:00,
SOL,2025-07-23 11:00:00,
SOL,2025-07-23 12:00:00,
SOL,2025-07-23 13:00:00,-0.7932
SOL,2025-07-23 14:00:00,
SOL,2025-07-23 15:00:00,
SOL,2025-07-23 16:00:00,
SOL,2025-07-23 17:00:00,
SOL,2025-07-23 18:00:00,
SOL,2025-07-23 19:00:00,0.9787
USDT,2025-07-11 04:00:00,0.7184
USDT,2025-07-11 05:00:00,
USDT,2025-07-11 06:00:00,
USDT,2025-07-11 07:00:00,
USDT,2025-07-11 08:00:00,
USDT,2025-07-11 09:00:00,
USDT,2025-07-11 10:00:00,
USDT,2025-07-11 11:00:00,
USDT,2025-07-11 12:00:00,
USDT,2025-07-11 13:00:00,
USDT,2025-07-11 14:00:00,
USDT,2025-07-11 15:00:00,
USDT,2025-07-11 16:00:00,
USDT,2025-07-11 17:00:00,
USDT,2025-07-11 18:00:00,
USDT,2025-07-11 19:00:00,
USDT,2025-07-11 20:00:00,
USDT,2025-07-11 21:00:00,
USDT,2025-07-11 22:00:00,
USDT,2025-07-11 23:00:00,
USDT,2025-07-12 00:00:00,
USDT,2025-07-12 01:00:00,
USDT,2025-07-12 02:00:00,
USDT,2025-07-12 03:00:00,
USDT,2025-07-12 04:00:00,
USDT,2025-07-12 05:00:00,
USDT,2025-07-12 06:00:00,
USDT,2025-07-12 07:00:00,
USDT,2025-07-12 08:00:00,
USDT,2025-07-12 09:00:00,
USDT,2025-07-12 10:00:00,
USDT,2025-07-12 11:00:00,
USDT,2025-07-12 12:00:00,
USDT,2025-07-12 13:00:00,
USDT,2025-07-12 14:00:00,
USDT,2025-07-12 15:00:00,
USDT,2025-07-12 16:00:00,
USDT,2025-07-12 17:00:00,
USDT,2025-07-12 18:00:00,
USDT,2025-07-12 19:00:00,
USDT,2025-07-12 20:00:00,
USDT,2025-07-12 21:00:00,
USDT,2025-07-12 22:00:00,
USDT,2025-07-12 23:00:00,
USDT,2025-07-13 00:00:00,
USDT,2025-07-13 01:00:00,
USDT,2025-07-13 02:00:00,
USDT,2025-07-13 03:00:00,
USDT,2025-07-13 04:00:00,
USDT,2025-07-13 05:00:00,
USDT,2025-07-13 06:00:00,
USDT,2025-07-13 07:00:00,
USDT,2025-07-13 08:00:00,
USDT,2025-07-13 09:00:00,
USDT,2025-07-13 10:00:00,
USDT,2025-07-13 11:00:00,
USDT,2025-07-13 12:00:00,
USDT,2025-07-13 13:00:00,
USDT,2025-07-13 14:00:00,
USDT,2025-07-13 15:00:00,
USDT,2025-07-13 16:00:00,
USDT,2025-07-13 17:00:00,
USDT,2025-07-13 18:00:00,
USDT,2025-07-13 19:00:00,
USDT,2025-07-13 20:00:00,
USDT,2025-07-13 21:00:00,
USDT,2025-07-13 22:00:00,
USDT,2025-07-13 23:00:00,
USDT,2025-07-14 00:00:00,
USDT,2025-07-14 01:00:00,
USDT,2025-07-14 02:00:00,
USDT,2025-07-14 03:00:00,
USDT,2025-07-14 04:00:00,
USDT,2025-07-14 05:00:00,
USDT,2025-07-14 06:00:00,
USDT,2025-07-14 07:00:00,
USDT,2025-07-14 08:00:00,
USDT,2025-07-14 09:00:00,
USDT,2025-07-14 10:00:00,
USDT,2025-07-14 11:00:00,
USDT,2025-07-14 12:00:00,
USDT,2025-07-14 13:00:00,
USDT,2025-07-14 14:00:00,
USDT,2025-07-14 15:00:00,0.0
USDT,2025-07-14 16:00:00,
USDT,2025-07-14 17:00:00,
USDT,2025-07-14 18:00:00,
USDT,2025-07-14 19:00:00,
USDT,2025-07-14 20:00:00,
USDT,2025-07-14 21:00:00,
USDT,2025-07-14 22:00:00,
USDT,2025-07-14 23:00:00,
USDT,2025-07-15 00:00:00,
USDT,2025-07-15 01:00:00,
USDT,2025-07-15 02:00:00,
USDT,2025-07-15 03:00:00,
USDT,2025-07-15 04:00:00,
USDT,2025-07-15 05:00:00,
USDT,2025-07-15 06:00:00,
USDT,2025-07-15 07:00:00,
USDT,2025-07-15 08:00:00,
USDT,2025-07-15 09:00:00,
USDT,2025-07-15 10:00:00,
USDT,2025-07-15 11:00:00,
USDT,2025-07-15 12:00:00,
USDT,2025-07-15 13:00:00,
USDT,2025-07-15 14:00:00,
USDT,2025-07-15 15:00:00,
USDT,2025-07-15 16:00:00,
USDT,2025-07-15 17:00:00,
USDT,2025-07-15 18:00:00,
USDT,2025-07-15 19:00:00,
USDT,2025-07-15 20:00:00,
USDT,2025-07-15 21:00:00,
USDT,2025-07-15 22:00:00,
USDT,2025-07-15 23:00:00,
USDT,2025-07-16 00:00:00,
USDT,2025-07-16 01:00:00,
USDT,2025-07-16 02:00:00,
USDT,2025-07-16 03:00:00,
USDT,2025-07-16 04:00:00,
USDT,2025-07-16 05:00:00,
USDT,2025-07-16 06:00:00,
USDT,2025-07-16 07:00:00,
USDT,2025-07-16 08:00:00,
USDT,2025-07-16 09:00:00,
USDT,2025-07-16 10:00:00,
USDT,2025-07-16 11:00:00,
USDT,2025-07-16 12:00:00,
USDT,2025-07-16 13:00:00,
USDT,2025-07-16 14:00:00,
USDT,2025-07-16 15:00:00,
USDT,2025-07-16 16:00:00,
USDT,2025-07-16 17:00:00,
USDT,2025-07-16 18:00:00,
USDT,2025-07-16 19:00:00,
USDT,2025-07-16 20:00:00,
USDT,2025-07-16 21:00:00,
USDT,2025-07-16 22:00:00,
USDT,2025-07-16 23:00:00,
USDT,2025-07-17 00:00:00,
USDT,2025-07-17 01:00:00,
USDT,2025-07-17 02:00:00,
USDT,2025-07-17 03:00:00,
USDT,2025-07-17 04:00:00,
USDT,2025-07-17 05:00:00,
USDT,2025-07-17 06:00:00,
USDT,2025-07-17 07:00:00,
USDT,2025-07-17 08:00:00,
USDT,2025-07-17 09:00:00,
USDT,2025-07-17 10:00:00,
USDT,2025-07-17 11:00:00,
USDT,2025-07-17 12:00:00,
USDT,2025-07-17 13:00:00,
USDT,2025-07-17 14:00:00,0.9515
USDT,2025-07-17 15:00:00,
USDT,2025-07-17 16:00:00,
USDT,2025-07-17 17:00:00,
USDT,2025-07-17 18:00:00,
USDT,2025-07-17 19:00:00,
USDT,2025-07-17 20:00:00,
USDT,2025-07-17 21:00:00,
USDT,2025-07-17 22:00:00,
USDT,2025-07-17 23:00:00,
USDT,2025-07-18 00:00:00,
USDT,2025-07-18 01:00:00,
USDT,2025-07-18 02:00:00,
USDT,2025-07-18 03:00:00,
USDT,2025-07-18 04:00:00,
USDT,2025-07-18 05:00:00,
USDT,2025-07-18 06:00:00,
USDT,2025-07-18 07:00:00,
USDT,2025-07-18 08:00:00,
USDT,2025-07-18 09:00:00,
USDT,2025-07-18 10:00:00,
USDT,2025-07-18 11:00:00,
USDT,2025-07-18 12:00:00,
USDT,2025-07-18 13:00:00,
USDT,2025-07-18 14:00:00,
USDT,2025-07-18 15:00:00,
USDT,2025-07-18 16:00:00,
USDT,2025-07-18 17:00:00,
USDT,2025-07-18 18:00:00,
USDT,2025-07-18 19:00:00,
USDT,2025-07-18 20:00:00,
USDT,2025-07-18 21:00:00,
USDT,2025-07-18 22:00:00,
USDT,2025-07-18 23:00:00,
USDT,2025-07-19 00:00:00,
USDT,2025-07-19 01:00:00,
USDT,2025-07-19 02:00:00,
USDT,2025-07-19 03:00:00,
USDT,2025-07-19 04:00:00,
USDT,2025-07-19 05:00:00,
USDT,2025-07-19 06:00:00,
USDT,2025-07-19 07:00:00,
USDT,2025-07-19 08:00:00,
USDT,2025-07-19 09:00:00,
USDT,2025-07-19 10:00:00,
USDT,2025-07-19 11:00:00,
USDT,2025-07-19 12:00:00,
USDT,2025-07-19 13:00:00,0.8504
USDT,2025-07-19 14:00:00,
USDT,2025-07-19 15:00:00,
USDT,2025-07-19 16:00:00,
USDT,2025-07-19 17:00:00,
USDT,2025-07-19 18:00:00,
USDT,2025-07-19 19:00:00,
USDT,2025-07-19 20:00:00,
USDT,2025-07-19 21:00:00,
USDT,2025-07-19 22:00:00,
USDT,2025-07-19 23:00:00,
USDT,2025-07-20 00:00:00,
USDT,2025-07-20 01:00:00,
USDT,2025-07-20 02:00:00,
USDT,2025-07-20 03:00:00,
USDT,2025-07-20 04:00:00,
USDT,2025-07-20 05:00:00,
USDT,2025-07-20 06:00:00,
USDT,2025-07-20 07:00:00,
USDT,2025-07-20 08:00:00,
USDT,2025-07-20 09:00:00,
USDT,2025-07-20 10:00:00,
USDT,2025-07-20 11:00:00,
USDT,2025-07-20 12:00:00,
USDT,2025-07-20 13:00:00,
USDT,2025-07-20 14:00:00,
USDT,2025-07-20 15:00:00,
USDT,2025-07-20 16:00:00,
USDT,2025-07-20 17:00:00,
USDT,2025-07-20 18:00:00,
USDT,2025-07-20 19:00:00,
USDT,2025-07-20 20:00:00,
USDT,2025-07-20 21:00:00,
USDT,2025-07-20 22:00:00,
USDT,2025-07-20 23:00:00,
USDT,2025-07-21 00:00:00,
USDT,2025-07-21 01:00:00,
USDT,2025-07-21 02:00:00,
USDT,2025-07-21 03:00:00,
USDT,2025-07-21 04:00:00,
USDT,2025-07-21 05:00:00,
USDT,2025-07-21 06:00:00,
USDT,2025-07-21 07:00:00,
USDT,2025-07-21 08:00:00,
USDT,2025-07-21 09:00:00,
USDT,2025-07-21 10:00:00,
USDT,2025-07-21 11:00:00,
USDT,2025-07-21 12:00:00,
USDT,2025-07-21 13:00:00,
USDT,2025-07-21 14:00:00,0.0
USDT,2025-07-21 15:00:00,
USDT,2025-07-21 16:00:00,
USDT,2025-07-21 17:00:00,
USDT,2025-07-21 18:00:00,
USDT,2025-07-21 19:00:00,
USDT,2025-07-21 20:00:00,
USDT,2025-07-21 21:00:00,
USDT,2025-07-21 22:00:00,
USDT,2025-07-21 23:00:00,
USDT,2025-07-22 00:00:00,
USDT,2025-07-22 01:00:00,
USDT,2025-07-22 02:00:00,
USDT,2025-07-22 03:00:00,
USDT,2025-07-22 04:00:00,
USDT,2025-07-22 05:00:00,
USDT,2025-07-22 06:00:00,
USDT,2025-07-22 07:00:00,
USDT,2025-07-22 08:00:00,
USDT,2025-07-22 09:00:00,
USDT,2025-07-22 10:00:00,
USDT,2025-07-22 11:00:00,
USDT,2025-07-22 12:00:00,
USDT,2025-07-22 13:00:00,
USDT,2025-07-22 14:00:00,
USDT,2025-07-22 15:00:00,
USDT,2025-07-22 16:00:00,
USDT,2025-07-22 17:00:00,
USDT,2025-07-22 18:00:00,
USDT,2025-07-22 19:00:00,
USDT,2025-07-22 20:00:00,
USDT,2025-07-22 21:00:00,
USDT,2025-07-22 22:00:00,
USDT,2025-07-22 23:00:00,
USDT,2025-07-23 00:00:00,
USDT,2025-07-23 01:00:00,
USDT,2025-07-23 02:00:00,
USDT,2025-07-23 03:00:00,
USDT,2025-07-23 04:00:00,
USDT,2025-07-23 05:00:00,
USDT,2025-07-23 06:00:00,
USDT,2025-07-23 07:00:00,
USDT,2025-07-23 08:00:00,
USDT,2025-07-23 09:00:00,
USDT,2025-07-23 10:00:00,
USDT,2025-07-23 11:00:00,
USDT,2025-07-23 12:00:00,
USDT,2025-07-23 13:00:00,
USDT,2025-07-23 14:00:00,
USDT,2025-07-23 15:00:00,
USDT,2025-07-23 16:00:00,
USDT,2025-07-23 17:00:00,
USDT,2025-07-23 18:00:00,
USDT,2025-07-23 19:00:00,
USDT,2025-07-23 20:00:00,
USDT,2025-07-23 21:00:00,
USDT,2025-07-23 22:00:00,
USDT,2025-07-23 23:00:00,
USDT,2025-07-24 00:00:00,
USDT,2025-07-24 01:00:00,0.9388
