timestamp,avg_sentiment
2025-07-09 14:00:00,0.0
2025-07-09 15:00:00,
2025-07-09 16:00:00,-0.8125
2025-07-09 17:00:00,
2025-07-09 18:00:00,
2025-07-09 19:00:00,0.0
2025-07-09 20:00:00,0.16074444444444447
2025-07-09 21:00:00,-0.7022999999999999
2025-07-09 22:00:00,-0.4916
2025-07-09 23:00:00,0.5256
2025-07-10 00:00:00,
2025-07-10 01:00:00,
2025-07-10 02:00:00,
2025-07-10 03:00:00,0.0
2025-07-10 04:00:00,-0.9186
2025-07-10 05:00:00,0.1531
2025-07-10 06:00:00,0.0793
2025-07-10 07:00:00,0.0
2025-07-10 08:00:00,0.9929
2025-07-10 09:00:00,0.3773333333333333
2025-07-10 10:00:00,-0.10786666666666667
2025-07-10 11:00:00,0.45683333333333326
2025-07-10 12:00:00,0.33590000000000003
2025-07-10 13:00:00,-0.2732
2025-07-10 14:00:00,-0.020774999999999988
2025-07-10 15:00:00,0.6830499999999999
2025-07-10 16:00:00,0.33365
2025-07-10 17:00:00,0.29295
2025-07-10 18:00:00,0.0
2025-07-10 19:00:00,0.08333333333333333
2025-07-10 20:00:00,0.12726666666666667
2025-07-10 21:00:00,0.23986000000000002
2025-07-10 22:00:00,0.21755
2025-07-10 23:00:00,-0.014400000000000024
2025-07-11 00:00:00,0.37823333333333337
2025-07-11 01:00:00,0.3320666666666667
2025-07-11 02:00:00,0.957
2025-07-11 03:00:00,
2025-07-11 04:00:00,0.2952
2025-07-11 05:00:00,0.2208
2025-07-11 06:00:00,0.0
2025-07-11 07:00:00,
2025-07-11 08:00:00,-0.23693333333333333
2025-07-11 09:00:00,-0.17556666666666665
2025-07-11 10:00:00,-0.06835
2025-07-11 11:00:00,
2025-07-11 12:00:00,0.001639999999999997
2025-07-11 13:00:00,0.21230000000000002
2025-07-11 14:00:00,0.0258
2025-07-11 15:00:00,0.157275
2025-07-11 16:00:00,0.17020000000000002
2025-07-11 17:00:00,-0.1027
2025-07-11 18:00:00,-0.10195
2025-07-11 19:00:00,0.019350000000000006
2025-07-11 20:00:00,0.05011666666666668
2025-07-11 21:00:00,0.4749
2025-07-11 22:00:00,0.53514
2025-07-11 23:00:00,-0.7219
2025-07-12 00:00:00,
2025-07-12 01:00:00,0.9499
2025-07-12 02:00:00,-0.4335
2025-07-12 03:00:00,-0.16455
2025-07-12 04:00:00,0.0
2025-07-12 05:00:00,0.0
2025-07-12 06:00:00,
2025-07-12 07:00:00,-0.08895
2025-07-12 08:00:00,0.5775
2025-07-12 09:00:00,
2025-07-12 10:00:00,0.0
2025-07-12 11:00:00,
2025-07-12 12:00:00,0.412175
2025-07-12 13:00:00,
2025-07-12 14:00:00,-0.1591
2025-07-12 15:00:00,0.5736
2025-07-12 16:00:00,-0.07986
2025-07-12 17:00:00,0.2281
2025-07-12 18:00:00,0.3749
2025-07-12 19:00:00,0.39278
2025-07-12 20:00:00,-0.4926
2025-07-12 21:00:00,-0.044550000000000034
2025-07-12 22:00:00,0.5106
2025-07-12 23:00:00,-0.7659
2025-07-13 00:00:00,
2025-07-13 01:00:00,0.39863333333333334
2025-07-13 02:00:00,0.7673
2025-07-13 03:00:00,-0.5574
2025-07-13 04:00:00,
2025-07-13 05:00:00,
2025-07-13 06:00:00,0.3691333333333333
2025-07-13 07:00:00,0.3818
2025-07-13 08:00:00,0.0
2025-07-13 09:00:00,0.41706666666666664
2025-07-13 10:00:00,0.07144999999999999
2025-07-13 11:00:00,0.36400000000000005
2025-07-13 12:00:00,0.09466666666666668
2025-07-13 13:00:00,
2025-07-13 14:00:00,0.1613
2025-07-13 15:00:00,0.7206333333333333
2025-07-13 16:00:00,-0.4404
2025-07-13 17:00:00,0.6441
2025-07-13 18:00:00,0.16805
2025-07-13 19:00:00,0.09240000000000001
2025-07-13 20:00:00,0.0516
2025-07-13 21:00:00,-0.14689999999999998
2025-07-13 22:00:00,0.0
2025-07-13 23:00:00,0.9964
2025-07-14 00:00:00,0.9997
2025-07-14 01:00:00,-0.1027
2025-07-14 02:00:00,
2025-07-14 03:00:00,0.9476
2025-07-14 04:00:00,0.0
2025-07-14 05:00:00,-0.15300000000000002
2025-07-14 06:00:00,0.0772
2025-07-14 07:00:00,0.7499
2025-07-14 08:00:00,0.3645
2025-07-14 09:00:00,
2025-07-14 10:00:00,0.391525
2025-07-14 11:00:00,-0.7729
2025-07-14 12:00:00,0.3721
2025-07-14 13:00:00,0.22827999999999998
2025-07-14 14:00:00,0.522275
2025-07-14 15:00:00,0.3302
2025-07-14 16:00:00,-0.148
2025-07-14 17:00:00,0.0
2025-07-14 18:00:00,0.6008
2025-07-14 19:00:00,0.45715
2025-07-14 20:00:00,0.38082000000000005
2025-07-14 21:00:00,0.28790000000000004
2025-07-14 22:00:00,0.24635
2025-07-14 23:00:00,0.19576666666666664
2025-07-15 00:00:00,-0.8848
2025-07-15 01:00:00,
2025-07-15 02:00:00,
2025-07-15 03:00:00,0.26115
2025-07-15 04:00:00,-0.5106
2025-07-15 05:00:00,0.29695
2025-07-15 06:00:00,-0.5574
2025-07-15 07:00:00,0.4215
2025-07-15 08:00:00,
2025-07-15 09:00:00,
2025-07-15 10:00:00,0.13396666666666665
2025-07-15 11:00:00,0.1779
2025-07-15 12:00:00,0.9989
2025-07-15 13:00:00,0.4181
2025-07-15 14:00:00,0.32083333333333336
2025-07-15 15:00:00,0.5429
2025-07-15 16:00:00,0.22891428571428568
2025-07-15 17:00:00,0.006824999999999987
2025-07-15 18:00:00,0.4974
2025-07-15 19:00:00,0.62085
2025-07-15 20:00:00,0.33976
2025-07-15 21:00:00,0.5793666666666667
2025-07-15 22:00:00,-0.5067
2025-07-15 23:00:00,0.875
2025-07-16 00:00:00,0.6348333333333334
2025-07-16 01:00:00,-0.5106
2025-07-16 02:00:00,0.3479
2025-07-16 03:00:00,
2025-07-16 04:00:00,
2025-07-16 05:00:00,-0.1771666666666666
2025-07-16 06:00:00,0.184875
2025-07-16 07:00:00,0.07833999999999999
2025-07-16 08:00:00,
2025-07-16 09:00:00,0.0
2025-07-16 10:00:00,-0.17046666666666668
2025-07-16 11:00:00,0.27115
2025-07-16 12:00:00,0.48885
2025-07-16 13:00:00,0.6996
2025-07-16 14:00:00,0.0
2025-07-16 15:00:00,0.49802857142857143
2025-07-16 16:00:00,0.06743333333333333
2025-07-16 17:00:00,0.1355833333333333
2025-07-16 18:00:00,0.003633333333333328
2025-07-16 19:00:00,0.40554999999999997
2025-07-16 20:00:00,
2025-07-16 21:00:00,0.12469999999999999
2025-07-16 22:00:00,0.49795
2025-07-16 23:00:00,0.3521666666666667
2025-07-17 00:00:00,0.643
2025-07-17 01:00:00,0.52
2025-07-17 02:00:00,
2025-07-17 03:00:00,
2025-07-17 04:00:00,0.4492333333333334
2025-07-17 05:00:00,0.0
2025-07-17 06:00:00,0.28959999999999997
2025-07-17 07:00:00,0.0
2025-07-17 08:00:00,0.8033
2025-07-17 09:00:00,0.2231
2025-07-17 10:00:00,0.31496
2025-07-17 11:00:00,0.656325
2025-07-17 12:00:00,0.0
2025-07-17 13:00:00,0.06987499999999999
2025-07-17 14:00:00,0.627125
2025-07-17 15:00:00,-0.007699999999999989
2025-07-17 16:00:00,-0.21583333333333332
2025-07-17 17:00:00,0.2445
2025-07-17 18:00:00,0.02513333333333334
2025-07-17 19:00:00,0.8157
2025-07-17 20:00:00,-0.12048571428571428
2025-07-17 21:00:00,-0.08334
2025-07-17 22:00:00,0.012100000000000019
2025-07-17 23:00:00,
2025-07-18 00:00:00,0.9234
2025-07-18 01:00:00,0.5516
2025-07-18 02:00:00,0.7149
2025-07-18 03:00:00,
2025-07-18 04:00:00,0.0
2025-07-18 05:00:00,
2025-07-18 06:00:00,0.24905
2025-07-18 07:00:00,0.33055
2025-07-18 08:00:00,-0.3397
2025-07-18 09:00:00,0.0
2025-07-18 10:00:00,-0.10853333333333333
2025-07-18 11:00:00,0.32135
2025-07-18 12:00:00,0.32061666666666666
2025-07-18 13:00:00,0.512875
2025-07-18 14:00:00,0.36834999999999996
2025-07-18 15:00:00,0.6530666666666667
2025-07-18 16:00:00,
2025-07-18 17:00:00,0.5308999999999999
2025-07-18 18:00:00,0.9751
2025-07-18 19:00:00,0.0386
2025-07-18 20:00:00,0.7952
2025-07-18 21:00:00,0.27965
2025-07-18 22:00:00,0.23025
2025-07-18 23:00:00,0.9985
2025-07-19 00:00:00,0.0
2025-07-19 01:00:00,0.0
2025-07-19 02:00:00,0.2732
2025-07-19 03:00:00,
2025-07-19 04:00:00,0.1915
2025-07-19 05:00:00,0.296
2025-07-19 06:00:00,0.0
2025-07-19 07:00:00,0.2006
2025-07-19 08:00:00,
2025-07-19 09:00:00,0.4588
2025-07-19 10:00:00,0.0
2025-07-19 11:00:00,0.0
2025-07-19 12:00:00,-0.20095
2025-07-19 13:00:00,0.27403333333333335
2025-07-19 14:00:00,0.73125
2025-07-19 15:00:00,0.48465
2025-07-19 16:00:00,0.0
2025-07-19 17:00:00,-0.9932
2025-07-19 18:00:00,0.0
2025-07-19 19:00:00,
2025-07-19 20:00:00,-0.14170000000000002
2025-07-19 21:00:00,
2025-07-19 22:00:00,
2025-07-19 23:00:00,0.9239
2025-07-20 00:00:00,
2025-07-20 01:00:00,0.9563
2025-07-20 02:00:00,-0.22315000000000002
2025-07-20 03:00:00,0.47065
2025-07-20 04:00:00,0.0
2025-07-20 05:00:00,
2025-07-20 06:00:00,0.0
2025-07-20 07:00:00,0.23013333333333333
2025-07-20 08:00:00,0.46965
2025-07-20 09:00:00,0.557625
2025-07-20 10:00:00,-0.37895
2025-07-20 11:00:00,0.669
2025-07-20 12:00:00,0.2225666666666667
2025-07-20 13:00:00,0.0
2025-07-20 14:00:00,0.0516
2025-07-20 15:00:00,0.4699
2025-07-20 16:00:00,0.0501
2025-07-20 17:00:00,0.47315
2025-07-20 18:00:00,-0.4019
2025-07-20 19:00:00,0.3585
2025-07-20 20:00:00,0.0
2025-07-20 21:00:00,0.96475
2025-07-20 22:00:00,0.9369333333333333
2025-07-20 23:00:00,-0.7132499999999999
2025-07-21 00:00:00,-0.0516
2025-07-21 01:00:00,0.49075
2025-07-21 02:00:00,
2025-07-21 03:00:00,-0.722
2025-07-21 04:00:00,0.32836666666666664
2025-07-21 05:00:00,-0.092
2025-07-21 06:00:00,-0.0386
2025-07-21 07:00:00,0.0
2025-07-21 08:00:00,-0.5574
2025-07-21 09:00:00,0.42235
2025-07-21 10:00:00,0.60835
2025-07-21 11:00:00,-0.064
2025-07-21 12:00:00,0.24516666666666667
2025-07-21 13:00:00,-0.54245
2025-07-21 14:00:00,-0.03186
2025-07-21 15:00:00,0.4661
2025-07-21 16:00:00,0.474525
2025-07-21 17:00:00,0.25026666666666664
2025-07-21 18:00:00,-0.005649999999999987
2025-07-21 19:00:00,0.4215
2025-07-21 20:00:00,0.22809999999999997
2025-07-21 21:00:00,0.9736
2025-07-21 22:00:00,0.0
2025-07-21 23:00:00,0.0
2025-07-22 00:00:00,0.853
2025-07-22 01:00:00,0.3327333333333333
2025-07-22 02:00:00,0.5588
2025-07-22 03:00:00,
2025-07-22 04:00:00,0.0
2025-07-22 05:00:00,-0.34
2025-07-22 06:00:00,0.3612
2025-07-22 07:00:00,0.4945
2025-07-22 08:00:00,
2025-07-22 09:00:00,0.22845
2025-07-22 10:00:00,
2025-07-22 11:00:00,0.3227
2025-07-22 12:00:00,0.1445428571428571
2025-07-22 13:00:00,-0.07203333333333332
2025-07-22 14:00:00,0.5851333333333333
2025-07-22 15:00:00,0.23370000000000002
2025-07-22 16:00:00,0.2058333333333333
2025-07-22 17:00:00,-0.08013333333333332
2025-07-22 18:00:00,-0.2592875
2025-07-22 19:00:00,0.9459500000000001
2025-07-22 20:00:00,0.12488750000000001
2025-07-22 21:00:00,0.24259999999999998
2025-07-22 22:00:00,0.4215
2025-07-22 23:00:00,
2025-07-23 00:00:00,0.97445
2025-07-23 01:00:00,0.38789999999999997
2025-07-23 02:00:00,
2025-07-23 03:00:00,0.9756
2025-07-23 04:00:00,0.029299999999999993
2025-07-23 05:00:00,0.0
2025-07-23 06:00:00,0.19695
2025-07-23 07:00:00,0.4019
2025-07-23 08:00:00,0.0
2025-07-23 09:00:00,0.12765
2025-07-23 10:00:00,0.6249
2025-07-23 11:00:00,0.09096666666666668
2025-07-23 12:00:00,-0.08422500000000001
2025-07-23 13:00:00,0.34626666666666667
2025-07-23 14:00:00,-0.1027
2025-07-23 15:00:00,-0.1803
2025-07-23 16:00:00,0.0077333333333333325
2025-07-23 17:00:00,0.03866666666666666
2025-07-23 18:00:00,0.543825
2025-07-23 19:00:00,0.9787
2025-07-23 20:00:00,-0.3859666666666666
2025-07-23 21:00:00,0.2263
2025-07-23 22:00:00,0.4955
2025-07-23 23:00:00,0.4537
2025-07-24 00:00:00,0.9693
2025-07-24 01:00:00,0.32153333333333334
2025-07-24 02:00:00,-0.1998
2025-07-24 03:00:00,0.0
2025-07-24 04:00:00,
2025-07-24 05:00:00,-0.3243
2025-07-24 06:00:00,-0.7882
2025-07-24 07:00:00,0.0
2025-07-24 08:00:00,-0.16749999999999998
2025-07-24 09:00:00,0.0
